fecha,mes,temperatura,humedad,precipitacion,dias_sin_lluvia,fenologia,interaccion_temp_hum,riesgo_mosca,riesgo_trips,riesgo_antracnosis,riesgo_oidio
2022-01-01,1,30.5,54.8,6.0,0,2,1.674,23.2,22.1,15.7,13.3
2022-01-02,1,29.4,59.9,2.6,0,2,1.763,19.0,21.7,15.3,41.0
2022-01-03,1,30.8,55.7,0.2,1,2,1.718,16.6,34.1,14.8,11.3
2022-01-04,1,28.8,66.1,3.1,0,2,1.902,12.4,8.5,17.7,32.7
2022-01-05,1,30.7,62.2,1.0,0,2,1.911,18.5,21.7,10.9,9.1
2022-01-06,1,32.0,59.4,0.8,0,2,1.904,21.3,36.2,3.7,11.1
2022-01-07,1,28.8,61.2,2.8,0,2,1.762,14.2,17.3,16.1,38.1
2022-01-08,1,30.1,61.4,3.3,0,2,1.851,12.1,19.7,12.6,4.6
2022-01-09,1,29.5,67.5,2.7,0,2,1.991,21.6,7.3,13.3,30.8
2022-01-10,1,31.1,63.6,1.5,0,2,1.974,19.8,22.3,19.3,4.6
2022-01-11,1,27.7,54.3,0.1,1,2,1.505,11.5,15.0,18.5,39.5
2022-01-12,1,30.3,63.1,0.7,0,2,1.912,20.3,17.6,13.2,4.2
2022-01-13,1,27.8,62.4,1.0,0,2,1.739,10.0,9.2,17.2,37.0
2022-01-14,1,29.8,57.9,1.3,0,2,1.726,10.1,17.0,8.4,34.2
2022-01-15,1,30.7,55.5,5.1,0,2,1.704,25.2,28.7,24.8,8.5
2022-01-16,1,29.6,55.2,5.4,0,2,1.637,19.6,17.4,23.7,41.3
2022-01-17,1,28.9,52.8,5.4,0,2,1.527,11.6,23.7,21.6,48.9
2022-01-18,1,29.6,54.9,1.0,0,2,1.623,16.9,29.7,19.2,42.1
2022-01-19,1,32.6,54.1,2.0,0,2,1.764,23.0,40.7,0.0,15.9
2022-01-20,1,29.6,52.6,1.7,0,2,1.558,17.4,30.0,25.0,54.2
2022-01-21,1,30.7,55.1,1.9,0,2,1.693,21.2,27.5,12.9,10.1
2022-01-22,1,29.7,65.3,6.3,0,2,1.943,16.2,11.2,14.2,30.0
2022-01-23,1,29.9,68.8,0.3,1,2,2.059,24.2,14.3,9.1,25.1
2022-01-24,1,28.7,70.6,4.7,0,2,2.027,20.8,5.9,19.7,29.5
2022-01-25,1,29.7,59.8,3.3,0,2,1.777,18.3,18.5,8.9,31.5
2022-01-26,1,30.3,67.9,2.4,0,2,2.058,20.4,19.7,21.5,2.6
2022-01-27,1,29.3,65.5,0.2,1,2,1.917,21.5,13.4,8.9,26.3
2022-01-28,1,33.0,68.6,1.4,0,2,2.262,29.3,39.3,0.0,0.0
2022-01-29,1,31.2,58.0,2.7,0,2,1.808,20.9,31.5,22.0,10.4
2022-01-30,1,31.2,49.7,1.7,0,2,1.55,18.2,33.4,10.6,15.7
2022-01-31,1,31.6,53.4,0.9,0,2,1.689,21.3,36.1,20.0,16.1
2022-02-01,2,32.4,59.2,3.5,0,2,1.919,25.0,36.9,0.9,4.7
2022-02-02,2,30.2,61.1,5.1,0,2,1.844,25.6,18.1,19.7,1.6
2022-02-03,2,28.9,61.6,0.1,1,2,1.782,10.9,11.6,4.3,34.4
2022-02-04,2,28.1,57.4,1.3,0,2,1.611,15.3,13.2,6.2,32.8
2022-02-05,2,33.8,53.6,1.3,0,2,1.812,38.3,61.1,0.0,12.3
2022-02-06,2,30.6,68.6,1.2,0,2,2.102,21.6,23.4,17.2,0.0
2022-02-07,2,29.8,53.1,0.2,1,2,1.581,15.6,28.0,12.2,44.1
2022-02-08,2,31.8,60.8,2.2,0,2,1.934,24.1,31.1,11.4,9.0
2022-02-09,2,29.8,70.5,0.8,0,2,2.102,22.8,12.8,9.4,32.8
2022-02-10,2,30.5,62.4,0.6,0,2,1.902,22.9,23.8,9.4,4.5
2022-02-11,2,30.5,60.3,2.7,0,2,1.836,18.7,23.1,15.8,14.1
2022-02-12,2,25.4,58.8,1.8,0,2,1.493,2.5,4.6,6.2,38.7
2022-02-13,2,33.1,52.3,2.6,0,2,1.733,27.1,46.4,0.0,13.5
2022-02-14,2,32.3,62.9,2.4,0,2,2.035,30.4,33.7,8.7,7.7
2022-02-15,2,31.5,58.5,0.4,1,2,1.843,19.9,35.5,9.1,12.8
2022-02-16,2,29.7,65.9,0.2,2,2,1.953,24.3,17.8,7.1,31.2
2022-02-17,2,27.9,57.4,2.9,0,2,1.601,12.7,9.6,9.9,38.7
2022-02-18,2,27.8,56.6,13.4,0,2,1.575,7.2,17.3,34.1,30.1
2022-02-19,2,30.5,60.4,5.7,0,2,1.844,25.9,16.2,18.9,10.5
2022-02-20,2,27.2,67.4,4.9,0,2,1.83,12.8,0.0,19.1,34.5
2022-02-21,2,30.4,61.2,1.3,0,2,1.861,15.5,22.3,14.2,8.9
2022-02-22,2,31.8,54.7,1.5,0,2,1.74,29.7,34.0,10.9,13.7
2022-02-23,2,31.5,60.1,2.7,0,2,1.893,26.2,33.5,17.8,17.7
2022-02-24,2,29.6,50.0,3.0,0,2,1.481,14.4,29.9,21.5,38.4
2022-02-25,2,27.7,52.0,0.8,0,2,1.443,11.4,19.0,16.4,37.5
2022-02-26,2,25.8,60.3,1.1,0,2,1.558,4.8,7.4,15.7,39.2
2022-02-27,2,30.4,62.7,0.8,0,2,1.905,18.2,22.2,19.1,4.6
2022-02-28,2,30.9,58.7,0.0,1,2,1.815,24.1,20.3,8.5,3.6
2022-03-01,3,25.8,56.6,3.9,0,3,1.46,3.1,6.7,20.4,33.3
2022-03-02,3,29.9,66.8,5.4,0,3,1.995,24.4,9.1,14.1,18.4
2022-03-03,3,29.4,64.0,3.0,0,3,1.879,17.3,11.7,9.8,25.5
2022-03-04,3,29.8,50.8,0.9,0,3,1.513,22.6,18.8,9.7,28.9
2022-03-05,3,30.8,59.1,3.9,0,3,1.817,31.7,24.5,13.3,0.7
2022-03-06,3,31.9,58.3,2.9,0,3,1.862,37.9,23.8,16.7,14.8
2022-03-07,3,33.7,60.3,0.1,1,3,2.036,50.2,26.8,1.7,5.7
2022-03-08,3,30.6,55.8,1.4,0,3,1.707,20.9,16.2,12.7,7.3
2022-03-09,3,33.5,65.5,1.1,0,3,2.194,46.6,24.3,0.0,3.4
2022-03-10,3,31.1,58.3,0.8,0,3,1.814,27.5,21.2,28.0,7.9
2022-03-11,3,32.6,60.5,2.6,0,3,1.97,39.6,24.8,0.0,7.4
2022-03-12,3,28.5,63.3,3.9,0,3,1.803,19.7,5.9,17.3,22.8
2022-03-13,3,31.7,50.8,0.1,1,3,1.611,27.1,22.7,21.8,15.1
2022-03-14,3,28.7,52.5,2.4,0,3,1.507,17.3,25.3,17.2,28.3
2022-03-15,3,30.8,52.2,2.6,0,3,1.61,31.0,24.0,19.0,12.1
2022-03-16,3,31.2,56.6,0.6,0,3,1.765,39.1,18.8,10.6,13.4
2022-03-17,3,29.7,67.0,1.6,0,3,1.987,32.7,11.1,16.3,28.0
2022-03-18,3,29.3,55.3,3.4,0,3,1.623,24.6,9.9,18.2,26.7
2022-03-19,3,32.1,48.0,0.5,0,3,1.54,30.4,28.8,1.2,12.5
2022-03-20,3,29.5,59.2,0.2,1,3,1.749,19.8,17.1,18.3,28.0
2022-03-21,3,31.0,61.5,2.7,0,3,1.906,31.2,17.2,11.2,1.0
2022-03-22,3,27.8,55.6,2.1,0,3,1.542,15.8,9.9,11.2,32.3
2022-03-23,3,31.3,59.2,10.4,0,3,1.855,35.4,22.1,20.2,6.2
2022-03-24,3,30.5,55.5,2.0,0,3,1.691,22.9,25.9,21.2,7.7
2022-03-25,3,30.7,48.0,11.0,0,3,1.47,28.5,22.3,31.8,21.2
2022-03-26,3,27.9,55.8,4.6,0,3,1.556,21.6,5.1,16.2,35.8
2022-03-27,3,27.0,53.6,9.8,0,3,1.448,8.6,11.3,28.0,22.7
2022-03-28,3,30.9,57.1,0.2,1,3,1.766,28.6,18.7,17.7,10.8
2022-03-29,3,30.8,51.6,0.4,2,3,1.589,26.3,25.6,7.9,12.8
2022-03-30,3,28.5,53.6,2.3,0,3,1.53,19.6,11.7,22.3,28.1
2022-03-31,3,30.1,61.3,2.5,0,3,1.844,28.4,12.7,12.9,10.6
2022-04-01,4,28.1,47.9,1.1,0,3,1.348,26.6,14.8,5.3,32.0
2022-04-02,4,29.5,59.1,2.7,0,3,1.741,25.9,16.2,7.5,29.4
2022-04-03,4,33.7,60.9,2.3,0,3,2.051,45.1,32.1,0.0,6.1
2022-04-04,4,29.3,69.2,0.9,0,3,2.029,34.3,4.8,17.9,21.7
2022-04-05,4,28.4,60.9,1.0,0,3,1.731,16.7,1.9,14.9,21.9
2022-04-06,4,29.4,59.6,0.9,0,3,1.751,16.6,15.2,12.4,16.0
2022-04-07,4,31.4,61.4,1.8,0,3,1.928,28.4,23.5,16.7,14.7
2022-04-08,4,30.8,61.9,1.2,0,3,1.905,33.5,19.7,21.3,2.8
2022-04-09,4,29.2,57.6,1.6,0,3,1.683,28.1,12.2,12.9,28.7
2022-04-10,4,29.6,64.8,18.5,0,3,1.914,20.8,1.1,32.4,19.5
2022-04-11,4,29.6,65.6,0.2,1,3,1.943,20.9,10.3,20.2,18.8
2022-04-12,4,28.4,62.8,1.4,0,3,1.781,20.2,6.9,18.5,20.2
2022-04-13,4,30.0,58.9,1.8,0,3,1.767,19.9,18.9,13.2,22.5
2022-04-14,4,29.8,65.6,1.6,0,3,1.958,20.1,7.6,22.3,23.7
2022-04-15,4,31.4,54.3,5.3,0,3,1.704,35.3,25.2,24.1,8.7
2022-04-16,4,30.5,60.8,0.2,1,3,1.854,32.1,10.5,3.8,9.5
2022-04-17,4,32.1,54.9,12.5,0,3,1.764,37.9,31.3,24.0,11.1
2022-04-18,4,29.3,55.5,1.7,0,3,1.629,21.5,11.9,25.2,35.8
2022-04-19,4,32.0,55.4,1.5,0,3,1.775,39.5,28.7,6.2,11.3
2022-04-20,4,31.3,63.2,0.0,1,3,1.98,26.1,18.9,12.2,0.0
2022-04-21,4,33.0,68.6,1.0,0,3,2.267,47.5,29.5,0.1,1.6
2022-04-22,4,28.0,62.0,0.3,1,3,1.738,10.7,6.0,14.6,32.0
2022-04-23,4,31.6,60.1,6.7,0,3,1.898,34.9,21.1,17.6,5.4
2022-04-24,4,28.7,53.7,0.3,1,3,1.54,20.8,7.4,14.4,33.7
2022-04-25,4,31.9,65.1,0.2,2,3,2.078,33.0,15.3,16.7,4.4
2022-04-26,4,32.3,65.5,3.0,0,3,2.117,34.0,20.0,1.1,1.9
2022-04-27,4,29.0,61.3,5.2,0,3,1.774,18.3,11.7,19.2,26.2
2022-04-28,4,30.5,54.3,1.8,0,3,1.656,34.6,16.8,4.4,2.0
2022-04-29,4,30.1,60.2,2.8,0,3,1.808,31.4,4.9,17.0,12.2
2022-04-30,4,28.0,58.1,1.4,0,3,1.625,12.0,7.4,22.1,34.5
2022-05-01,5,27.5,87.5,2.2,0,3,2.407,47.1,1.6,47.0,21.5
2022-05-02,5,32.8,82.3,8.0,0,3,2.695,65.4,21.6,25.3,3.6
2022-05-03,5,28.0,79.4,2.6,0,3,2.227,34.6,5.9,16.3,22.7
2022-05-04,5,26.5,70.8,48.1,0,3,1.878,15.3,0.0,76.9,14.6
2022-05-05,5,27.4,75.1,11.4,0,3,2.056,25.8,0.0,32.5,20.3
2022-05-06,5,25.2,68.2,11.2,0,3,1.716,3.8,0.0,28.3,22.0
2022-05-07,5,29.4,72.4,9.5,0,3,2.131,27.8,10.8,32.6,18.3
2022-05-08,5,24.2,69.5,16.1,0,3,1.685,3.1,0.0,34.5,19.1
2022-05-09,5,29.6,74.6,34.2,0,3,2.207,37.5,4.2,58.0,20.4
2022-05-10,5,27.8,85.9,15.8,0,3,2.387,48.0,2.2,54.9,20.3
2022-05-11,5,26.4,74.2,9.0,0,3,1.959,20.6,0.0,30.7,24.6
2022-05-12,5,30.2,80.6,8.9,0,3,2.432,38.3,11.3,35.5,0.5
2022-05-13,5,27.1,77.2,2.9,0,3,2.095,25.2,2.2,19.3,20.3
2022-05-14,5,28.0,80.2,17.2,0,3,2.247,40.7,5.3,51.7,15.4
2022-05-15,5,27.9,82.7,4.0,0,3,2.305,37.1,7.0,36.7,24.8
2022-05-16,5,28.4,76.2,0.2,1,3,2.167,19.8,7.3,0.0,13.1
2022-05-17,5,28.7,80.4,6.1,0,3,2.305,34.9,12.2,33.4,29.0
2022-05-18,5,28.0,80.0,8.7,0,3,2.241,34.3,0.0,37.5,19.9
2022-05-19,5,26.0,76.7,0.6,0,3,1.991,22.8,0.1,17.9,19.6
2022-05-20,5,28.3,81.1,5.8,0,3,2.297,32.6,9.8,35.1,14.3
2022-05-21,5,28.7,80.3,10.4,0,3,2.302,38.5,9.6,42.6,22.5
2022-05-22,5,25.9,79.7,4.6,0,3,2.063,24.7,0.0,24.2,23.5
2022-05-23,5,30.2,87.0,16.4,0,3,2.628,53.3,14.3,68.4,0.5
2022-05-24,5,28.2,82.1,4.6,0,3,2.315,34.4,3.1,36.0,20.0
2022-05-25,5,28.5,81.4,11.6,0,3,2.319,41.1,7.6,38.6,25.8
2022-05-26,5,27.2,69.7,4.1,0,3,1.9,13.4,1.2,13.6,18.8
2022-05-27,5,28.9,79.7,19.4,0,3,2.306,39.9,10.2,39.5,18.5
2022-05-28,5,24.7,78.2,17.1,0,3,1.933,20.0,4.8,44.5,18.0
2022-05-29,5,28.7,75.4,25.1,0,3,2.165,35.9,4.7,50.0,22.7
2022-05-30,5,26.6,82.9,0.8,0,3,2.202,30.1,0.0,30.4,17.8
2022-05-31,5,28.8,73.2,11.3,0,3,2.11,24.9,6.4,29.1,29.8
2022-06-01,6,25.9,85.4,21.7,0,4,2.214,31.0,0.5,89.2,19.4
2022-06-02,6,30.2,75.7,11.0,0,4,2.285,37.5,12.5,33.6,1.8
2022-06-03,6,30.2,77.6,12.7,0,4,2.341,37.8,11.8,39.8,0.0
2022-06-04,6,28.3,84.6,9.5,0,4,2.397,38.7,11.1,66.7,19.4
2022-06-05,6,28.6,78.3,31.8,0,4,2.243,33.5,1.0,72.1,22.6
2022-06-06,6,27.6,75.0,11.1,0,4,2.069,28.8,3.1,33.6,24.9
2022-06-07,6,30.4,80.5,12.3,0,4,2.444,51.7,18.0,59.5,2.4
2022-06-08,6,28.8,72.5,5.1,0,4,2.087,23.4,3.9,34.0,23.4
2022-06-09,6,30.2,76.6,4.2,0,4,2.317,40.5,13.3,25.2,4.5
2022-06-10,6,27.5,79.8,2.0,0,4,2.19,32.4,1.8,31.2,19.1
2022-06-11,6,27.7,76.6,20.7,0,4,2.125,27.9,1.9,46.7,16.4
2022-06-12,6,27.6,74.6,1.3,0,4,2.059,24.5,7.6,19.8,20.1
2022-06-13,6,27.9,78.0,19.3,0,4,2.174,21.4,0.0,56.7,20.1
2022-06-14,6,29.0,80.4,2.9,0,4,2.333,43.7,12.3,37.9,23.9
2022-06-15,6,28.4,75.2,15.6,0,4,2.136,30.6,5.6,51.8,10.2
2022-06-16,6,25.9,72.1,34.1,0,4,1.865,12.0,0.0,67.8,16.6
2022-06-17,6,31.7,87.0,0.8,0,4,2.757,60.1,14.1,49.0,0.0
2022-06-18,6,26.5,77.6,26.0,0,4,2.056,19.9,0.6,70.3,21.7
2022-06-19,6,26.0,82.3,41.0,0,4,2.141,28.6,0.0,100.0,18.7
2022-06-20,6,28.5,81.1,7.5,0,4,2.314,44.0,10.2,49.6,23.0
2022-06-21,6,30.9,87.8,3.7,0,4,2.713,54.6,21.5,55.8,0.0
2022-06-22,6,27.3,80.1,6.8,0,4,2.184,27.4,0.0,43.1,16.5
2022-06-23,6,31.4,79.5,7.4,0,4,2.498,49.1,16.9,42.1,0.0
2022-06-24,6,25.9,68.9,19.2,0,4,1.788,4.9,5.3,49.2,25.8
2022-06-25,6,28.6,81.9,3.4,0,4,2.344,41.4,9.4,39.1,22.2
2022-06-26,6,28.8,75.3,16.8,0,4,2.171,27.8,7.7,48.2,16.8
2022-06-27,6,28.0,80.9,4.1,0,4,2.267,41.2,9.3,33.5,26.7
2022-06-28,6,27.2,83.2,21.6,0,4,2.264,31.8,0.0,79.1,13.8
2022-06-29,6,29.5,85.6,12.4,0,4,2.521,49.3,6.9,70.1,23.1
2022-06-30,6,27.9,86.7,4.7,0,4,2.423,45.5,4.2,61.5,18.2
2022-07-01,7,27.9,77.4,7.3,0,4,2.162,32.9,6.3,41.7,26.1
2022-07-02,7,30.2,76.1,2.1,0,4,2.297,40.6,10.3,31.3,1.5
2022-07-03,7,27.7,84.0,26.8,0,4,2.324,28.7,5.9,90.8,21.0
2022-07-04,7,26.0,77.9,14.9,0,4,2.026,24.1,0.7,49.9,18.4
2022-07-05,7,24.8,79.3,20.7,0,4,1.967,10.8,0.0,59.9,16.1
2022-07-06,7,28.1,67.6,10.3,0,4,1.898,22.3,3.3,23.2,17.5
2022-07-07,7,29.8,64.1,6.8,0,4,1.914,20.7,15.2,26.7,25.1
2022-07-08,7,28.8,87.2,0.4,1,4,2.515,48.3,1.5,65.0,17.0
2022-07-09,7,27.2,77.9,11.1,0,4,2.115,27.7,4.5,47.7,13.6
2022-07-10,7,27.8,81.7,6.7,0,4,2.273,30.5,6.8,53.1,21.6
2022-07-11,7,30.8,80.3,10.0,0,4,2.474,59.6,14.3,48.5,1.7
2022-07-12,7,28.7,75.4,1.4,0,4,2.16,28.7,10.3,20.1,19.0
2022-07-13,7,28.8,71.5,3.8,0,4,2.063,30.9,15.0,21.8,18.5
2022-07-14,7,27.2,75.9,11.2,0,4,2.069,23.4,4.6,31.4,23.4
2022-07-15,7,27.4,79.9,9.0,0,4,2.191,35.9,6.7,54.2,13.9
2022-07-16,7,29.2,80.0,30.0,0,4,2.34,40.2,10.4,85.4,20.7
2022-07-17,7,28.4,85.4,4.0,0,4,2.428,31.0,4.5,52.4,13.0
2022-07-18,7,28.1,84.2,4.4,0,4,2.371,40.9,0.9,46.2,25.9
2022-07-19,7,27.2,80.3,2.3,0,4,2.183,37.3,3.2,35.8,22.3
2022-07-20,7,25.9,83.9,0.4,1,4,2.172,26.5,0.0,45.6,22.8
2022-07-21,7,28.4,81.3,10.4,0,4,2.306,39.3,3.9,67.2,13.7
2022-07-22,7,29.9,84.8,4.4,0,4,2.536,58.4,15.5,56.3,20.1
2022-07-23,7,27.7,77.0,6.1,0,4,2.13,34.0,3.4,30.8,23.3
2022-07-24,7,29.4,81.3,1.0,0,4,2.388,41.4,5.8,35.5,13.5
2022-07-25,7,28.4,77.6,7.0,0,4,2.2,20.9,0.4,44.4,17.3
2022-07-26,7,28.5,71.0,3.2,0,4,2.028,25.3,7.3,31.1,26.1
2022-07-27,7,27.5,75.0,1.6,0,4,2.066,27.4,1.7,17.6,25.9
2022-07-28,7,27.8,89.5,14.8,0,4,2.491,51.4,4.7,94.5,17.1
2022-07-29,7,26.7,80.3,11.7,0,4,2.146,27.5,0.0,48.2,14.3
2022-07-30,7,25.3,78.5,2.8,0,4,1.991,18.0,0.0,30.1,19.3
2022-07-31,7,31.1,70.7,2.8,0,4,2.202,45.9,18.4,22.3,0.5
2022-08-01,8,28.5,81.9,5.3,0,4,2.333,42.1,0.5,51.8,20.7
2022-08-02,8,27.1,77.9,15.7,0,4,2.109,22.1,0.0,47.9,21.3
2022-08-03,8,26.3,81.6,27.9,0,4,2.143,24.3,0.0,91.0,21.3
2022-08-04,8,27.7,80.5,7.4,0,4,2.228,32.5,10.7,49.6,20.3
2022-08-05,8,28.8,82.5,3.8,0,4,2.377,34.3,8.1,40.2,25.2
2022-08-06,8,27.5,68.3,26.8,0,4,1.881,16.5,0.4,66.7,25.8
2022-08-07,8,27.7,67.3,16.2,0,4,1.868,19.4,4.2,49.7,16.9
2022-08-08,8,31.0,73.2,19.1,0,4,2.27,34.7,12.3,56.9,0.0
2022-08-09,8,29.3,79.2,4.2,0,4,2.317,44.8,8.1,24.2,16.8
2022-08-10,8,28.8,80.0,2.2,0,4,2.305,35.2,5.0,33.8,14.5
2022-08-11,8,27.1,74.4,4.1,0,4,2.012,25.3,0.0,17.5,20.6
2022-08-12,8,26.8,72.3,6.3,0,4,1.935,15.5,0.0,30.1,22.9
2022-08-13,8,25.6,78.1,6.3,0,4,2.002,20.4,0.0,32.2,15.0
2022-08-14,8,28.0,83.1,10.7,0,4,2.332,42.5,3.6,65.4,17.2
2022-08-15,8,27.8,69.9,11.6,0,4,1.945,24.5,0.0,35.3,14.5
2022-08-16,8,25.9,77.1,12.0,0,4,1.997,20.7,1.8,46.7,21.0
2022-08-17,8,30.4,72.7,21.4,0,4,2.207,41.9,18.5,45.8,0.0
2022-08-18,8,30.0,80.5,25.9,0,4,2.419,44.2,10.6,79.4,0.0
2022-08-19,8,27.9,78.4,15.9,0,4,2.19,33.6,15.4,46.4,21.3
2022-08-20,8,26.9,80.9,12.8,0,4,2.173,31.9,4.7,59.6,24.5
2022-08-21,8,24.5,86.0,1.7,0,4,2.104,29.5,0.0,50.9,20.6
2022-08-22,8,28.0,79.4,13.7,0,4,2.222,25.9,7.8,55.3,19.2
2022-08-23,8,25.8,80.5,23.4,0,4,2.077,20.9,2.6,66.5,20.2
2022-08-24,8,27.8,83.8,18.8,0,4,2.333,34.7,1.3,83.9,22.1
2022-08-25,8,27.4,76.8,2.1,0,4,2.106,28.4,0.0,29.2,20.5
2022-08-26,8,31.6,72.5,5.1,0,4,2.29,50.7,23.1,24.0,0.9
2022-08-27,8,28.0,79.4,55.6,0,4,2.224,32.7,0.0,100.0,21.8
2022-08-28,8,27.7,69.9,2.0,0,4,1.934,21.3,0.0,18.1,14.0
2022-08-29,8,26.5,75.3,6.3,0,4,1.993,17.5,2.6,27.6,21.0
2022-08-30,8,27.8,82.4,1.4,0,4,2.289,29.2,0.0,40.8,15.0
2022-08-31,8,28.6,75.7,3.7,0,4,2.165,24.8,7.3,16.0,18.0
2022-09-01,9,28.2,66.4,6.4,0,4,1.873,26.1,3.0,30.8,26.3
2022-09-02,9,27.8,75.1,11.1,0,4,2.084,29.1,2.6,32.1,20.5
2022-09-03,9,27.1,75.4,3.9,0,4,2.044,18.2,4.7,13.7,17.3
2022-09-04,9,30.9,83.6,0.6,0,4,2.583,49.5,13.4,47.9,0.2
2022-09-05,9,27.9,77.8,8.8,0,4,2.169,24.7,1.4,47.1,14.5
2022-09-06,9,27.7,73.9,3.3,0,4,2.048,23.4,8.8,22.0,14.8
2022-09-07,9,29.0,74.1,3.6,0,4,2.15,33.2,6.1,24.0,16.9
2022-09-08,9,27.1,74.7,15.1,0,4,2.023,26.9,2.8,51.6,29.1
2022-09-09,9,26.5,78.4,7.3,0,4,2.073,20.5,0.0,36.5,15.8
2022-09-10,9,27.8,71.9,4.7,0,4,1.998,19.2,14.4,17.2,20.3
2022-09-11,9,26.1,86.5,21.5,0,4,2.255,32.6,0.0,91.6,15.5
2022-09-12,9,30.2,82.0,6.1,0,4,2.477,38.0,8.8,55.4,4.9
2022-09-13,9,29.7,70.0,2.1,0,4,2.078,34.6,4.0,19.5,21.1
2022-09-14,9,27.5,68.7,0.9,0,4,1.894,16.6,1.6,16.7,19.0
2022-09-15,9,27.9,80.2,12.4,0,4,2.241,32.1,4.1,46.2,21.9
2022-09-16,9,28.0,78.2,2.8,0,4,2.189,23.8,0.0,31.3,20.0
2022-09-17,9,28.3,75.7,21.4,0,4,2.139,28.9,0.0,59.0,24.9
2022-09-18,9,29.0,73.6,6.8,0,4,2.132,34.6,14.1,25.7,19.1
2022-09-19,9,29.1,78.3,6.0,0,4,2.28,39.2,10.8,40.0,20.9
2022-09-20,9,27.6,85.4,2.9,0,4,2.358,35.8,2.5,57.7,14.0
2022-09-21,9,26.0,67.8,79.2,0,4,1.765,4.3,0.0,100.0,18.7
2022-09-22,9,28.3,76.5,2.3,0,4,2.169,33.3,2.6,23.5,24.2
2022-09-23,9,28.6,71.0,15.5,0,4,2.03,21.7,12.0,48.8,21.2
2022-09-24,9,28.2,77.0,6.2,0,4,2.173,29.9,5.9,39.9,17.8
2022-09-25,9,27.1,72.0,17.3,0,4,1.95,12.0,3.2,55.5,25.7
2022-09-26,9,25.6,81.6,1.8,0,4,2.086,21.1,0.4,31.0,21.1
2022-09-27,9,26.4,79.0,74.9,0,4,2.086,26.3,4.1,100.0,15.5
2022-09-28,9,24.8,76.7,10.0,0,4,1.899,7.8,1.8,38.3,15.7
2022-09-29,9,27.2,83.4,3.8,0,4,2.265,32.9,3.1,40.9,20.1
2022-09-30,9,28.2,75.7,34.7,0,4,2.135,26.6,6.9,78.5,8.3
2022-10-01,10,29.8,62.8,7.7,0,0,1.869,20.9,11.4,16.9,20.0
2022-10-02,10,29.5,68.4,6.2,0,0,2.02,18.4,5.4,19.5,16.9
2022-10-03,10,29.3,81.7,2.3,0,0,2.393,26.8,5.7,38.1,14.6
2022-10-04,10,30.4,77.8,23.9,0,0,2.367,26.5,10.4,44.4,0.4
2022-10-05,10,26.2,67.1,8.9,0,0,1.755,0.0,0.0,21.1,18.3
2022-10-06,10,31.0,78.3,0.6,0,0,2.427,24.5,13.4,24.3,0.0
2022-10-07,10,29.4,72.0,33.3,0,0,2.114,18.5,10.1,51.8,18.9
2022-10-08,10,27.6,74.3,0.2,1,0,2.055,17.7,2.2,12.8,23.2
2022-10-09,10,27.6,76.5,3.3,0,0,2.114,25.2,0.0,22.5,12.4
2022-10-10,10,28.3,85.9,15.1,0,0,2.432,29.0,3.1,60.5,19.0
2022-10-11,10,26.8,76.6,11.7,0,0,2.053,12.5,0.0,26.1,21.6
2022-10-12,10,28.8,79.2,20.9,0,0,2.281,25.0,8.8,52.0,19.6
2022-10-13,10,27.2,89.1,0.4,1,0,2.423,24.3,2.6,51.4,14.4
2022-10-14,10,29.7,77.5,26.2,0,0,2.301,31.2,13.2,46.4,27.1
2022-10-15,10,29.0,77.9,6.5,0,0,2.26,25.0,7.8,26.9,22.3
2022-10-16,10,28.7,78.1,15.9,0,0,2.242,24.0,6.6,35.1,14.1
2022-10-17,10,28.8,65.0,5.4,0,0,1.875,11.6,12.6,19.0,25.6
2022-10-18,10,27.4,78.6,7.0,0,0,2.153,17.4,5.6,27.4,21.2
2022-10-19,10,29.4,81.3,4.8,0,0,2.389,25.3,4.0,25.8,22.6
2022-10-20,10,28.7,78.5,6.0,0,0,2.257,27.0,2.1,36.8,31.4
2022-10-21,10,28.5,80.9,7.5,0,0,2.31,17.9,3.8,33.3,14.2
2022-10-22,10,30.6,79.4,7.8,0,0,2.427,29.8,13.6,40.1,0.0
2022-10-23,10,28.8,77.0,1.1,0,0,2.218,17.3,0.0,18.7,20.2
2022-10-24,10,26.1,77.8,7.8,0,0,2.029,5.4,0.0,33.5,21.5
2022-10-25,10,26.3,78.8,42.0,0,0,2.07,13.6,0.0,77.2,20.8
2022-10-26,10,28.9,78.7,16.5,0,0,2.277,25.1,10.9,48.3,16.8
2022-10-27,10,25.3,85.7,17.5,0,0,2.168,10.7,0.0,66.7,18.9
2022-10-28,10,27.2,85.0,42.0,0,0,2.315,20.6,1.8,92.4,22.0
2022-10-29,10,29.4,79.0,9.9,0,0,2.32,25.4,9.7,37.4,20.9
2022-10-30,10,29.2,80.8,3.1,0,0,2.355,23.9,8.9,29.3,20.8
2022-10-31,10,31.3,75.4,9.1,0,0,2.36,34.7,17.6,38.6,0.0
2022-11-01,11,28.5,74.0,4.5,0,0,2.108,20.4,9.3,16.6,25.0
2022-11-02,11,27.9,76.3,4.9,0,0,2.127,20.6,0.6,14.9,16.2
2022-11-03,11,29.4,76.2,1.9,0,0,2.24,24.1,12.5,13.7,15.7
2022-11-04,11,28.3,81.0,10.5,0,0,2.295,21.2,8.1,38.9,17.9
2022-11-05,11,26.6,84.5,0.8,0,0,2.247,23.6,5.0,52.8,13.2
2022-11-06,11,26.9,74.9,9.4,0,0,2.015,10.2,0.0,20.2,21.3
2022-11-07,11,28.1,80.4,1.4,0,0,2.258,25.5,2.8,39.1,20.9
2022-11-08,11,25.2,73.0,22.0,0,0,1.84,7.2,0.0,39.1,28.0
2022-11-09,11,28.8,81.6,3.7,0,0,2.353,22.7,7.4,32.4,12.6
2022-11-10,11,27.7,78.1,24.8,0,0,2.165,16.8,0.8,51.6,20.4
2022-11-11,11,28.9,83.4,29.1,0,0,2.411,26.6,9.4,74.0,18.3
2022-11-12,11,29.2,82.9,2.6,0,0,2.419,36.1,5.3,34.8,20.0
2022-11-13,11,27.9,74.8,24.8,0,0,2.082,18.2,0.3,45.2,16.8
2022-11-14,11,26.4,79.2,58.0,0,0,2.086,18.4,8.7,96.4,21.9
2022-11-15,11,26.4,71.6,29.2,0,0,1.888,6.4,0.0,49.8,19.6
2022-11-16,11,26.6,76.5,13.1,0,0,2.038,11.7,0.0,39.1,22.0
2022-11-17,11,27.1,70.1,1.3,0,0,1.897,11.1,4.9,9.8,19.7
2022-11-18,11,29.0,66.1,6.4,0,0,1.918,10.2,9.4,23.9,26.7
2022-11-19,11,28.8,66.1,2.1,0,0,1.906,14.8,6.5,17.4,25.5
2022-11-20,11,28.9,76.9,14.8,0,0,2.224,21.4,9.3,32.1,22.5
2022-11-21,11,29.4,78.6,3.1,0,0,2.309,24.0,1.5,30.3,20.1
2022-11-22,11,29.7,79.4,14.6,0,0,2.354,29.3,13.4,54.9,23.9
2022-11-23,11,25.6,80.2,0.4,1,0,2.056,19.2,0.0,33.9,23.7
2022-11-24,11,31.9,74.2,1.4,0,0,2.366,30.2,17.5,10.5,0.0
2022-11-25,11,27.3,79.8,7.0,0,0,2.184,27.8,1.4,42.0,21.0
2022-11-26,11,29.2,79.4,2.4,0,0,2.322,26.6,10.9,27.8,18.8
2022-11-27,11,28.6,89.2,9.2,0,0,2.551,33.6,11.5,67.2,20.0
2022-11-28,11,24.4,80.6,59.3,0,0,1.968,18.3,0.7,100.0,16.4
2022-11-29,11,25.7,79.3,0.2,1,0,2.036,11.8,0.3,39.6,23.3
2022-11-30,11,29.6,82.2,23.4,0,0,2.432,29.0,2.1,60.2,23.2
2022-12-01,12,28.3,59.1,0.7,0,1,1.67,17.4,12.1,18.3,29.0
2022-12-02,12,29.9,61.0,3.3,0,1,1.826,8.5,15.1,16.6,30.2
2022-12-03,12,32.8,67.8,1.7,0,1,2.227,28.3,25.2,12.7,7.2
2022-12-04,12,32.0,58.1,0.1,1,1,1.859,27.7,20.5,0.0,6.7
2022-12-05,12,32.9,58.2,14.0,0,1,1.914,29.6,25.4,17.0,6.7
2022-12-06,12,29.5,64.0,8.3,0,1,1.887,13.7,13.5,21.9,17.2
2022-12-07,12,31.2,65.6,2.6,0,1,2.047,14.4,19.6,6.7,3.9
2022-12-08,12,28.4,54.2,0.5,0,1,1.539,11.2,10.6,17.9,27.7
2022-12-09,12,31.8,61.4,10.8,0,1,1.951,20.2,15.0,29.4,3.7
2022-12-10,12,25.7,57.3,0.2,1,1,1.475,8.9,0.0,7.8,32.0
2022-12-11,12,32.4,56.3,0.5,0,1,1.826,28.5,18.6,0.0,7.1
2022-12-12,12,32.8,57.8,0.6,0,1,1.896,31.8,36.6,0.0,7.2
2022-12-13,12,33.3,52.4,1.6,0,1,1.743,24.9,34.4,0.0,6.7
2022-12-14,12,28.2,61.4,0.1,1,1,1.733,10.8,7.7,17.9,21.3
2022-12-15,12,31.3,64.1,4.4,0,1,2.008,20.7,16.1,18.8,6.8
2022-12-16,12,29.0,58.0,4.1,0,1,1.684,10.8,11.4,15.4,31.2
2022-12-17,12,28.9,50.8,1.5,0,1,1.468,8.7,12.3,14.2,26.8
2022-12-18,12,28.7,56.1,1.8,0,1,1.613,18.4,15.8,15.1,26.5
2022-12-19,12,29.2,61.6,7.9,0,1,1.801,11.1,11.4,14.3,25.9
2022-12-20,12,31.4,58.6,5.0,0,1,1.838,18.8,22.8,14.8,6.4
2022-12-21,12,29.8,60.5,3.5,0,1,1.804,22.3,14.3,19.1,22.9
2022-12-22,12,31.4,56.2,0.8,0,1,1.763,31.2,23.2,4.0,6.1
2022-12-23,12,32.2,62.8,1.3,0,1,2.022,29.3,24.4,6.1,8.0
2022-12-24,12,32.7,61.8,1.5,0,1,2.023,25.9,22.8,8.5,5.8
2022-12-25,12,31.4,60.6,2.0,0,1,1.906,22.6,26.6,17.8,0.0
2022-12-26,12,29.6,68.9,2.4,0,1,2.041,21.4,9.6,6.0,28.2
2022-12-27,12,31.2,59.6,2.4,0,1,1.863,26.1,18.5,20.7,8.4
2022-12-28,12,30.4,60.7,3.5,0,1,1.849,23.2,13.3,6.9,8.0
2022-12-29,12,31.1,62.4,0.4,1,1,1.943,20.2,21.5,14.8,2.6
2022-12-30,12,29.4,70.1,1.5,0,1,2.064,21.6,3.0,14.5,18.3
2022-12-31,12,26.2,61.9,1.1,0,1,1.626,0.0,5.5,22.2,30.8
2023-01-01,1,30.6,60.2,7.9,0,2,1.846,26.5,29.6,19.8,9.0
2023-01-02,1,30.8,51.0,1.3,0,2,1.569,29.4,37.6,22.4,16.7
2023-01-03,1,29.9,61.9,0.9,0,2,1.849,13.2,24.2,21.9,30.8
2023-01-04,1,31.7,59.6,0.9,0,2,1.891,23.9,37.5,16.5,11.3
2023-01-05,1,28.5,70.8,1.1,0,2,2.018,19.7,2.0,10.9,33.0
2023-01-06,1,30.5,50.4,0.5,0,2,1.539,17.1,39.6,14.6,17.3
2023-01-07,1,32.1,55.5,1.8,0,2,1.783,24.1,41.3,0.0,5.5
2023-01-08,1,31.5,57.0,1.6,0,2,1.794,15.3,30.2,15.0,14.7
2023-01-09,1,28.6,68.3,3.3,0,2,1.954,12.5,15.2,16.1,27.2
2023-01-10,1,29.7,66.8,1.9,0,2,1.984,14.7,15.1,15.5,26.8
2023-01-11,1,29.9,60.0,4.5,0,2,1.795,22.0,19.8,13.9,39.0
2023-01-12,1,28.9,62.9,0.6,0,2,1.822,9.9,9.1,22.2,33.3
2023-01-13,1,33.0,57.4,1.9,0,2,1.893,37.4,36.5,0.0,15.7
2023-01-14,1,28.5,59.9,9.1,0,2,1.708,8.5,12.7,28.2,32.5
2023-01-15,1,28.7,58.3,2.7,0,2,1.674,11.4,16.8,13.0,36.8
2023-01-16,1,30.0,56.7,0.5,0,2,1.7,23.1,22.9,17.4,38.2
2023-01-17,1,30.7,67.8,0.2,1,2,2.079,15.0,22.3,21.2,0.9
2023-01-18,1,31.8,56.5,1.3,0,2,1.798,24.3,28.1,13.8,16.4
2023-01-19,1,26.6,53.6,0.2,1,2,1.424,5.2,9.7,22.0,45.6
2023-01-20,1,30.9,60.7,1.9,0,2,1.876,17.2,29.4,9.4,11.1
2023-01-21,1,32.1,61.1,3.6,0,2,1.962,26.6,21.2,1.5,7.1
2023-01-22,1,29.9,63.5,1.7,0,2,1.9,12.6,17.2,15.3,33.9
2023-01-23,1,30.3,65.2,1.1,0,2,1.975,19.4,23.6,6.3,4.8
2023-01-24,1,28.9,58.1,2.0,0,2,1.683,13.1,25.0,8.7,33.3
2023-01-25,1,27.7,68.6,3.1,0,2,1.898,12.1,2.1,10.3,28.2
2023-01-26,1,34.4,67.0,0.4,1,2,2.305,37.1,38.3,0.0,6.6
2023-01-27,1,32.1,65.2,0.6,0,2,2.093,24.3,31.5,2.0,2.4
2023-01-28,1,27.1,60.6,4.5,0,2,1.641,2.5,7.4,16.7,38.9
2023-01-29,1,31.6,56.5,3.8,0,2,1.785,20.9,37.4,12.3,8.5
2023-01-30,1,26.7,68.8,2.1,0,2,1.837,12.1,3.9,17.9,28.1
2023-01-31,1,29.7,57.9,1.2,0,2,1.719,18.7,20.3,17.3,34.2
2023-02-01,2,32.7,56.7,0.2,1,2,1.854,31.2,41.6,0.5,11.2
2023-02-02,2,29.9,57.1,4.4,0,2,1.708,23.1,23.5,11.1,36.8
2023-02-03,2,32.0,63.4,3.3,0,2,2.027,23.4,31.8,11.8,4.5
2023-02-04,2,31.7,64.4,2.2,0,2,2.044,20.2,27.6,23.6,0.0
2023-02-05,2,30.5,53.1,0.7,0,2,1.62,17.8,29.6,12.3,14.2
2023-02-06,2,29.0,52.7,1.6,0,2,1.53,17.1,26.8,7.3,43.7
2023-02-07,2,31.2,54.8,0.0,1,2,1.712,29.1,41.3,6.7,22.7
2023-02-08,2,28.4,64.9,0.2,2,2,1.84,7.8,9.6,14.5,34.5
2023-02-09,2,30.4,66.0,1.9,0,2,2.007,19.1,23.5,17.9,6.3
2023-02-10,2,28.8,54.8,0.3,1,2,1.578,10.8,23.3,19.9,40.2
2023-02-11,2,32.6,66.8,0.2,2,2,2.177,24.7,37.5,0.0,3.2
2023-02-12,2,29.4,55.6,7.8,0,2,1.633,17.9,19.5,39.7,35.8
2023-02-13,2,27.7,62.6,5.0,0,2,1.735,9.8,8.8,5.8,31.5
2023-02-14,2,28.1,50.5,0.1,1,2,1.418,1.8,14.9,12.3,41.0
2023-02-15,2,30.7,61.5,0.9,0,2,1.89,23.0,28.8,15.0,8.3
2023-02-16,2,30.9,60.7,5.2,0,2,1.877,19.4,22.9,23.3,7.4
2023-02-17,2,28.8,56.7,0.4,1,2,1.633,17.2,18.6,10.7,42.4
2023-02-18,2,29.0,53.0,0.9,0,2,1.536,11.8,21.3,15.2,46.9
2023-02-19,2,30.0,54.0,0.9,0,2,1.622,15.7,35.3,15.0,4.5
2023-02-20,2,30.6,69.7,1.8,0,2,2.137,30.9,16.3,19.6,0.0
2023-02-21,2,30.4,53.6,10.2,0,2,1.631,16.2,33.8,31.2,14.9
2023-02-22,2,27.6,58.4,0.7,0,2,1.611,12.5,14.3,20.3,34.7
2023-02-23,2,25.1,51.2,0.4,1,2,1.283,0.0,10.6,23.2,48.9
2023-02-24,2,30.0,58.5,9.0,0,2,1.759,18.6,29.8,27.9,12.5
2023-02-25,2,32.1,54.2,0.2,1,2,1.739,23.7,29.2,0.0,9.2
2023-02-26,2,31.0,60.6,2.0,0,2,1.875,28.7,21.4,14.9,9.1
2023-02-27,2,28.7,60.1,2.9,0,2,1.725,18.5,11.4,25.2,36.2
2023-02-28,2,31.9,59.7,3.5,0,2,1.903,21.6,32.8,16.6,5.5
2023-03-01,3,29.8,56.9,0.8,0,3,1.696,24.7,22.9,14.0,28.9
2023-03-02,3,27.6,57.8,0.4,1,3,1.596,20.1,8.4,21.9,29.9
2023-03-03,3,32.9,59.7,3.2,0,3,1.966,39.7,24.4,0.0,15.5
2023-03-04,3,31.5,58.3,2.8,0,3,1.836,36.7,30.4,7.3,5.9
2023-03-05,3,29.2,50.1,0.4,1,3,1.462,20.8,22.0,26.8,30.5
2023-03-06,3,29.2,60.6,0.9,0,3,1.772,20.0,9.5,20.3,27.2
2023-03-07,3,26.3,53.9,3.9,0,3,1.418,8.5,4.7,14.1,29.7
2023-03-08,3,31.3,53.2,3.4,0,3,1.667,34.3,25.2,17.9,5.2
2023-03-09,3,30.6,65.5,2.4,0,3,2.006,30.7,14.2,10.8,2.4
2023-03-10,3,32.3,59.4,0.4,1,3,1.917,36.2,25.8,0.0,8.3
2023-03-11,3,30.9,64.4,0.6,0,3,1.994,35.2,12.4,10.5,3.0
2023-03-12,3,29.2,54.3,2.4,0,3,1.585,20.1,13.5,13.4,34.1
2023-03-13,3,30.4,72.4,0.1,1,3,2.197,35.8,13.5,16.3,1.7
2023-03-14,3,33.7,55.8,0.7,0,3,1.882,46.7,27.1,3.9,13.6
2023-03-15,3,28.5,60.0,8.5,0,3,1.706,13.1,13.6,22.9,21.6
2023-03-16,3,30.4,57.4,1.7,0,3,1.745,31.4,14.3,10.5,8.2
2023-03-17,3,31.7,66.2,7.2,0,3,2.101,40.6,15.8,32.8,0.0
2023-03-18,3,32.4,56.7,2.3,0,3,1.837,41.2,23.3,0.0,11.1
2023-03-19,3,31.9,59.6,1.2,0,3,1.902,39.2,23.9,8.5,3.0
2023-03-20,3,30.4,66.1,6.0,0,3,2.01,32.9,14.8,25.9,0.0
2023-03-21,3,29.7,55.9,4.4,0,3,1.661,26.1,18.0,18.4,30.7
2023-03-22,3,30.4,62.8,1.1,0,3,1.911,30.2,12.4,16.8,7.0
2023-03-23,3,28.8,60.3,0.4,1,3,1.735,17.8,6.0,21.3,30.1
2023-03-24,3,31.0,69.9,0.5,0,3,2.163,49.3,15.0,16.3,0.0
2023-03-25,3,30.7,64.2,1.4,0,3,1.968,36.9,16.2,16.4,0.0
2023-03-26,3,30.8,59.3,1.6,0,3,1.825,27.1,29.7,13.7,0.6
2023-03-27,3,28.7,59.7,4.1,0,3,1.717,21.9,13.4,11.8,27.5
2023-03-28,3,28.4,56.9,4.4,0,3,1.617,13.2,15.6,18.4,31.8
2023-03-29,3,30.1,63.9,2.2,0,3,1.921,30.1,13.8,18.1,5.2
2023-03-30,3,28.2,52.5,3.4,0,3,1.482,19.2,16.4,8.2,26.6
2023-03-31,3,28.7,58.2,4.3,0,3,1.671,13.7,8.3,15.4,22.3
2023-04-01,4,29.8,65.3,1.2,0,3,1.945,24.7,15.3,12.9,20.5
2023-04-02,4,32.1,58.5,2.6,0,3,1.877,39.0,23.6,2.4,8.2
2023-04-03,4,31.8,57.3,4.3,0,3,1.823,35.7,27.6,9.9,11.7
2023-04-04,4,30.8,53.4,2.8,0,3,1.647,39.6,27.5,22.1,10.3
2023-04-05,4,27.0,50.8,0.1,1,3,1.372,8.2,6.3,14.7,34.0
2023-04-06,4,27.4,57.8,1.8,0,3,1.582,8.2,10.1,12.6,29.5
2023-04-07,4,32.0,63.7,0.5,0,3,2.037,32.0,25.3,10.7,4.8
2023-04-08,4,30.5,62.4,4.8,0,3,1.902,25.3,10.3,19.4,5.3
2023-04-09,4,32.1,59.8,2.7,0,3,1.917,41.0,22.5,1.7,3.5
2023-04-10,4,33.0,55.6,1.1,0,3,1.833,42.2,26.0,1.7,15.1
2023-04-11,4,29.1,62.0,2.0,0,3,1.805,21.5,9.3,10.9,29.1
2023-04-12,4,29.4,59.1,0.1,1,3,1.739,15.5,9.2,19.8,18.1
2023-04-13,4,28.6,58.0,4.0,0,3,1.66,22.1,9.2,21.5,24.2
2023-04-14,4,31.8,53.2,1.6,0,3,1.693,34.2,23.4,13.9,11.2
2023-04-15,4,29.1,62.8,0.1,1,3,1.827,24.1,11.8,14.7,22.6
2023-04-16,4,30.3,62.8,1.5,0,3,1.9,31.4,18.6,30.4,6.4
2023-04-17,4,30.9,63.5,2.7,0,3,1.961,29.1,14.5,18.2,3.2
2023-04-18,4,30.2,65.4,6.9,0,3,1.979,27.4,10.3,29.0,5.8
2023-04-19,4,27.1,58.4,0.3,1,3,1.584,14.2,8.7,16.4,29.3
2023-04-20,4,30.1,56.6,6.9,0,3,1.705,26.9,18.2,13.9,6.4
2023-04-21,4,30.1,58.6,0.5,0,3,1.764,28.7,12.6,6.9,5.5
2023-04-22,4,31.4,68.4,6.0,0,3,2.147,31.7,16.6,23.5,1.6
2023-04-23,4,31.0,55.4,2.7,0,3,1.716,33.0,25.9,11.0,7.4
2023-04-24,4,25.1,56.9,1.0,0,3,1.43,0.0,6.3,14.7,18.8
2023-04-25,4,30.4,55.4,0.3,1,3,1.682,23.2,20.4,13.6,10.0
2023-04-26,4,30.2,58.7,13.3,0,3,1.775,21.5,15.0,30.9,4.3
2023-04-27,4,31.1,58.6,5.8,0,3,1.824,31.0,21.9,23.6,14.4
2023-04-28,4,28.8,59.6,0.2,1,3,1.717,19.8,8.9,7.3,24.2
2023-04-29,4,28.1,51.4,4.9,0,3,1.442,11.9,16.1,18.0,27.6
2023-04-30,4,29.5,50.7,5.6,0,3,1.498,25.4,23.4,18.2,35.8
2023-05-01,5,25.7,71.8,15.0,0,3,1.846,18.6,2.0,32.8,11.2
2023-05-02,5,25.0,78.6,12.9,0,3,1.964,12.0,0.3,40.2,23.8
2023-05-03,5,28.2,84.1,0.0,1,3,2.373,39.3,9.1,33.0,31.3
2023-05-04,5,28.6,79.9,11.4,0,3,2.282,44.1,9.4,32.9,25.6
2023-05-05,5,27.5,78.5,5.5,0,3,2.159,31.4,0.0,30.9,18.9
2023-05-06,5,30.9,87.9,12.9,0,3,2.715,58.7,14.1,68.3,0.0
2023-05-07,5,27.4,82.9,1.4,0,3,2.269,33.8,0.0,38.3,27.8
2023-05-08,5,29.1,85.3,9.8,0,3,2.481,46.7,4.6,51.4,23.1
2023-05-09,5,28.2,70.9,3.4,0,3,1.997,18.2,6.6,25.3,25.4
2023-05-10,5,25.2,85.1,8.2,0,3,2.141,18.8,0.0,55.6,22.2
2023-05-11,5,26.0,81.1,41.0,0,3,2.11,23.8,4.6,79.4,18.0
2023-05-12,5,29.3,82.9,12.3,0,3,2.431,47.7,13.7,53.1,21.1
2023-05-13,5,28.1,76.8,6.0,0,3,2.161,26.8,3.4,27.9,25.8
2023-05-14,5,27.9,83.0,0.4,1,3,2.319,36.1,6.1,33.8,25.3
2023-05-15,5,29.0,72.0,1.4,0,3,2.086,35.8,7.1,17.2,22.2
2023-05-16,5,26.4,80.6,5.4,0,3,2.13,23.7,4.3,37.1,18.8
2023-05-17,5,28.7,77.7,10.9,0,3,2.228,37.1,3.8,35.0,18.8
2023-05-18,5,25.6,73.4,8.8,0,3,1.881,14.9,0.0,17.9,19.6
2023-05-19,5,30.3,77.1,13.1,0,3,2.338,43.9,15.3,29.2,3.8
2023-05-20,5,27.5,82.3,7.0,0,3,2.263,34.6,3.4,40.9,21.6
2023-05-21,5,27.6,74.8,1.5,0,3,2.063,29.6,0.0,17.8,17.0
2023-05-22,5,26.2,83.2,4.2,0,3,2.181,31.9,0.0,34.4,21.6
2023-05-23,5,28.9,73.9,2.0,0,3,2.133,31.4,2.5,14.2,25.5
2023-05-24,5,30.5,81.6,2.0,0,3,2.49,50.8,17.5,35.1,3.1
2023-05-25,5,28.5,77.6,0.5,0,3,2.216,26.2,7.5,22.5,22.2
2023-05-26,5,26.0,81.2,9.0,0,3,2.111,25.0,0.0,42.9,28.1
2023-05-27,5,26.5,79.0,9.2,0,3,2.091,22.3,0.0,42.8,27.2
2023-05-28,5,28.7,76.1,11.3,0,3,2.182,30.9,4.4,22.5,25.6
2023-05-29,5,29.5,90.1,18.2,0,3,2.653,59.3,10.1,78.6,13.4
2023-05-30,5,30.2,81.9,23.5,0,3,2.475,50.2,9.7,57.6,0.0
2023-05-31,5,25.2,82.3,10.3,0,3,2.076,19.1,1.4,44.3,21.3
2023-06-01,6,27.1,73.6,29.9,0,4,1.991,20.9,8.3,66.4,16.3
2023-06-02,6,29.8,81.2,4.1,0,4,2.422,49.6,8.8,38.9,19.3
2023-06-03,6,26.1,76.7,20.2,0,4,1.999,20.6,0.0,48.7,26.7
2023-06-04,6,27.9,74.8,7.4,0,4,2.083,20.8,9.2,29.1,25.5
2023-06-05,6,28.1,85.1,1.0,0,4,2.391,43.2,6.8,54.2,19.1
2023-06-06,6,30.9,73.5,10.7,0,4,2.268,41.1,17.1,34.0,1.3
2023-06-07,6,27.7,70.1,15.6,0,4,1.945,16.1,0.0,44.5,22.0
2023-06-08,6,28.8,80.8,65.0,0,4,2.327,46.8,3.0,100.0,17.3
2023-06-09,6,28.1,74.8,9.4,0,4,2.104,28.7,2.7,28.9,21.1
2023-06-10,6,26.2,80.1,20.8,0,4,2.098,29.8,2.9,68.2,12.2
2023-06-11,6,26.0,84.4,16.9,0,4,2.196,25.8,0.0,71.1,15.1
2023-06-12,6,27.9,73.5,6.0,0,4,2.054,22.5,5.8,27.7,19.3
2023-06-13,6,28.9,77.3,18.2,0,4,2.233,37.1,10.3,54.6,20.3
2023-06-14,6,26.8,73.7,0.9,0,4,1.977,21.8,1.8,20.9,20.2
2023-06-15,6,29.0,82.7,7.8,0,4,2.401,42.0,13.7,57.8,22.5
2023-06-16,6,28.4,79.2,9.0,0,4,2.252,37.9,17.1,45.4,20.3
2023-06-17,6,27.3,75.6,10.4,0,4,2.065,22.2,0.0,29.6,17.0
2023-06-18,6,25.4,81.2,4.3,0,4,2.064,20.2,0.0,44.0,17.1
2023-06-19,6,29.9,76.6,45.2,0,4,2.294,39.2,14.8,94.0,18.0
2023-06-20,6,27.7,71.6,14.2,0,4,1.985,15.0,1.0,45.4,21.2
2023-06-21,6,28.9,77.7,2.5,0,4,2.244,39.3,9.3,32.8,23.0
2023-06-22,6,27.3,71.3,0.4,1,4,1.949,22.0,5.7,14.8,16.4
2023-06-23,6,28.7,77.6,18.6,0,4,2.228,36.0,0.0,52.4,25.4
2023-06-24,6,30.7,71.9,6.9,0,4,2.211,38.6,22.1,27.8,0.0
2023-06-25,6,30.3,76.1,1.8,0,4,2.308,35.4,12.6,14.9,0.0
2023-06-26,6,29.3,77.8,2.7,0,4,2.275,34.7,8.2,29.9,23.9
2023-06-27,6,24.1,73.8,8.2,0,4,1.777,10.2,1.6,33.6,18.8
2023-06-28,6,27.2,76.8,8.0,0,4,2.089,24.0,0.0,37.4,20.7
2023-06-29,6,30.3,76.5,10.2,0,4,2.321,46.8,13.1,39.2,0.0
2023-06-30,6,27.6,82.3,13.5,0,4,2.272,35.4,0.0,59.4,28.6
2023-07-01,7,27.7,74.1,14.1,0,4,2.056,26.4,5.2,40.8,18.7
2023-07-02,7,27.7,71.1,13.6,0,4,1.972,22.9,10.4,41.1,10.7
2023-07-03,7,27.9,91.7,2.0,0,4,2.555,43.8,5.8,70.1,14.6
2023-07-04,7,27.5,78.5,2.3,0,4,2.156,24.6,2.0,28.7,21.6
2023-07-05,7,26.2,81.6,12.9,0,4,2.135,32.6,0.0,55.5,21.7
2023-07-06,7,30.5,79.6,0.9,0,4,2.427,46.4,9.9,31.9,0.0
2023-07-07,7,26.1,80.0,8.4,0,4,2.087,25.0,0.0,50.4,18.0
2023-07-08,7,30.1,79.6,1.2,0,4,2.397,41.3,12.7,29.6,0.0
2023-07-09,7,27.6,74.4,5.8,0,4,2.053,19.3,0.0,23.3,22.5
2023-07-10,7,25.6,71.2,14.1,0,4,1.822,13.1,2.7,33.9,19.1
2023-07-11,7,25.6,90.2,10.5,0,4,2.307,29.1,0.0,77.9,25.4
2023-07-12,7,31.6,75.6,2.1,0,4,2.392,38.6,17.6,19.9,0.0
2023-07-13,7,28.3,80.0,30.7,0,4,2.266,34.2,0.9,86.9,20.1
2023-07-14,7,29.3,82.0,13.3,0,4,2.404,37.3,6.3,57.6,23.0
2023-07-15,7,28.5,83.5,25.2,0,4,2.382,41.5,10.9,88.8,20.3
2023-07-16,7,30.2,78.6,14.3,0,4,2.375,40.3,15.7,59.6,0.0
2023-07-17,7,30.0,68.1,22.7,0,4,2.042,29.7,8.9,66.8,20.8
2023-07-18,7,27.4,78.1,8.0,0,4,2.14,25.3,5.5,39.0,16.7
2023-07-19,7,30.0,84.7,6.6,0,4,2.538,47.9,10.9,57.3,16.0
2023-07-20,7,26.4,74.9,10.3,0,4,1.98,13.2,0.9,36.7,26.8
2023-07-21,7,27.0,79.5,9.5,0,4,2.146,26.8,3.0,52.8,21.3
2023-07-22,7,27.6,76.2,40.5,0,4,2.105,24.0,0.0,81.0,21.8
2023-07-23,7,29.8,73.5,1.1,0,4,2.189,31.2,10.0,16.0,22.4
2023-07-24,7,27.0,83.1,48.9,0,4,2.241,29.5,0.0,100.0,23.6
2023-07-25,7,28.4,89.2,4.7,0,4,2.534,45.7,4.4,68.0,16.6
2023-07-26,7,29.7,79.8,1.9,0,4,2.374,45.5,17.9,36.0,19.5
2023-07-27,7,30.3,82.8,46.8,0,4,2.507,49.1,13.8,100.0,0.0
2023-07-28,7,25.7,73.6,8.0,0,4,1.89,11.3,2.5,31.1,20.8
2023-07-29,7,26.2,75.7,54.1,0,4,1.98,21.3,0.0,100.0,28.8
2023-07-30,7,28.0,74.5,5.4,0,4,2.085,27.4,3.3,27.8,14.2
2023-07-31,7,26.6,77.3,10.8,0,4,2.052,20.6,0.0,44.0,23.6
2023-08-01,8,27.9,80.0,18.4,0,4,2.228,35.3,4.9,68.8,22.9
2023-08-02,8,28.9,77.5,2.1,0,4,2.239,32.8,5.0,28.6,21.7
2023-08-03,8,26.8,77.6,16.7,0,4,2.078,15.6,0.0,53.3,19.4
2023-08-04,8,30.1,71.9,11.9,0,4,2.167,24.8,10.6,36.1,0.0
2023-08-05,8,29.7,82.3,21.1,0,4,2.441,43.8,14.8,76.1,16.7
2023-08-06,8,25.4,75.8,30.4,0,4,1.927,24.3,0.2,65.7,15.3
2023-08-07,8,28.8,69.2,12.0,0,4,1.994,28.4,9.1,37.1,22.8
2023-08-08,8,28.3,74.1,0.6,0,4,2.094,26.6,8.1,7.4,25.1
2023-08-09,8,30.2,78.1,0.5,0,4,2.36,45.3,10.2,32.5,0.0
2023-08-10,8,27.1,83.6,2.4,0,4,2.265,30.5,0.0,44.3,22.9
2023-08-11,8,26.5,79.8,6.8,0,4,2.114,25.3,4.0,44.1,19.1
2023-08-12,8,26.5,83.1,3.3,0,4,2.205,31.2,0.0,40.5,17.6
2023-08-13,8,30.1,79.0,0.7,0,4,2.376,44.7,11.7,49.8,1.1
2023-08-14,8,27.4,85.1,14.7,0,4,2.334,37.3,9.7,74.7,13.1
2023-08-15,8,27.4,85.3,16.6,0,4,2.337,33.6,0.0,76.0,21.4
2023-08-16,8,30.0,83.3,0.7,0,4,2.498,42.9,6.7,49.0,0.0
2023-08-17,8,27.7,79.5,15.5,0,4,2.2,27.3,2.3,60.9,24.2
2023-08-18,8,28.9,78.4,14.4,0,4,2.266,32.3,5.6,55.0,21.3
2023-08-19,8,24.9,74.1,4.1,0,4,1.841,11.2,0.0,31.3,19.9
2023-08-20,8,28.6,80.0,25.2,0,4,2.286,33.9,14.8,80.1,23.3
2023-08-21,8,28.9,73.0,3.1,0,4,2.107,26.5,8.6,11.3,11.8
2023-08-22,8,28.5,74.0,5.2,0,4,2.106,31.2,14.4,34.6,19.0
2023-08-23,8,28.0,82.4,12.6,0,4,2.309,35.4,4.2,64.8,22.2
2023-08-24,8,27.8,77.4,13.8,0,4,2.152,34.4,5.1,57.4,18.5
2023-08-25,8,30.4,80.7,9.5,0,4,2.456,42.6,11.0,55.0,1.6
2023-08-26,8,30.9,74.7,6.0,0,4,2.309,47.3,18.5,24.1,5.6
2023-08-27,8,29.8,81.0,0.4,1,4,2.417,45.5,11.1,42.2,20.1
2023-08-28,8,26.7,72.8,8.1,0,4,1.945,19.3,0.0,33.2,22.0
2023-08-29,8,27.1,85.3,10.8,0,4,2.309,33.5,2.2,60.7,16.8
2023-08-30,8,29.5,69.3,2.4,0,4,2.043,34.7,8.4,21.0,24.9
2023-08-31,8,27.3,82.3,4.6,0,4,2.248,31.0,0.0,45.1,24.6
2023-09-01,9,27.7,71.6,16.7,0,4,1.986,23.9,10.3,47.5,18.5
2023-09-02,9,29.1,76.8,2.4,0,4,2.239,32.1,14.2,12.7,23.2
2023-09-03,9,27.3,75.9,10.6,0,4,2.074,22.4,0.0,38.5,21.7
2023-09-04,9,27.3,70.1,12.7,0,4,1.917,23.6,1.6,41.6,19.0
2023-09-05,9,27.0,86.4,0.2,1,4,2.333,34.4,4.4,52.9,17.6
2023-09-06,9,28.0,78.0,0.3,2,4,2.185,39.8,5.4,17.4,21.3
2023-09-07,9,28.1,78.2,0.6,0,4,2.195,31.8,4.0,33.0,17.8
2023-09-08,9,26.6,93.1,15.7,0,4,2.475,42.4,0.0,100.0,16.3
2023-09-09,9,27.3,83.2,13.3,0,4,2.275,36.4,0.0,76.2,15.2
2023-09-10,9,30.3,83.1,10.9,0,4,2.518,46.1,13.8,60.5,0.1
2023-09-11,9,27.6,67.8,6.3,0,4,1.873,16.8,0.6,26.5,22.7
2023-09-12,9,26.7,66.7,15.2,0,4,1.779,12.9,0.0,37.5,22.3
2023-09-13,9,25.8,72.9,22.5,0,4,1.88,17.0,0.0,52.4,27.8
2023-09-14,9,28.5,79.7,7.9,0,4,2.274,33.8,0.0,51.9,21.8
2023-09-15,9,27.7,77.3,0.3,1,4,2.144,22.9,0.6,21.3,27.1
2023-09-16,9,29.3,67.0,14.1,0,4,1.964,24.5,7.4,34.9,29.6
2023-09-17,9,28.5,80.4,2.9,0,4,2.288,39.5,4.4,35.5,22.4
2023-09-18,9,25.6,86.0,0.8,0,4,2.197,33.2,0.0,50.6,15.4
2023-09-19,9,28.4,78.3,20.2,0,4,2.223,29.7,0.4,61.6,18.1
2023-09-20,9,27.0,85.7,41.4,0,4,2.312,40.3,0.0,100.0,19.8
2023-09-21,9,25.5,85.1,2.1,0,4,2.167,29.5,0.0,51.6,16.5
2023-09-22,9,29.9,79.6,30.5,0,4,2.375,48.4,16.0,85.7,14.3
2023-09-23,9,27.0,73.0,2.9,0,4,1.967,20.5,0.0,18.6,14.0
2023-09-24,9,27.9,69.7,15.1,0,4,1.947,22.5,11.3,47.3,18.5
2023-09-25,9,29.2,71.0,2.9,0,4,2.075,30.7,0.3,19.3,15.9
2023-09-26,9,28.2,72.6,14.2,0,4,2.044,25.8,10.2,41.7,16.9
2023-09-27,9,27.6,71.3,0.6,0,4,1.969,23.7,12.4,16.4,18.9
2023-09-28,9,27.1,79.1,2.6,0,4,2.145,27.9,4.9,29.6,23.9
2023-09-29,9,28.8,77.9,4.3,0,4,2.245,45.2,4.0,30.5,17.0
2023-09-30,9,30.7,82.4,2.0,0,4,2.529,52.8,15.7,41.1,3.0
2023-10-01,10,28.6,79.1,23.2,0,0,2.26,25.5,7.3,53.3,17.4
2023-10-02,10,30.5,72.7,6.6,0,0,2.222,24.3,21.2,18.4,0.0
2023-10-03,10,26.5,79.6,31.9,0,0,2.113,15.2,0.0,66.0,18.0
2023-10-04,10,25.8,83.4,12.6,0,0,2.15,20.6,0.0,59.2,23.0
2023-10-05,10,26.5,73.4,11.0,0,0,1.945,10.9,0.0,34.6,17.0
2023-10-06,10,28.1,82.8,35.0,0,0,2.329,24.6,3.4,67.7,15.8
2023-10-07,10,28.5,77.3,8.8,0,0,2.202,26.2,1.2,30.2,20.8
2023-10-08,10,26.9,85.2,26.2,0,0,2.294,24.1,7.2,64.3,20.0
2023-10-09,10,28.5,73.4,3.7,0,0,2.096,14.7,9.0,20.3,21.1
2023-10-10,10,25.2,73.2,17.6,0,0,1.845,7.4,0.0,42.3,20.5
2023-10-11,10,26.8,83.0,1.7,0,0,2.221,17.8,1.4,43.8,26.5
2023-10-12,10,28.5,80.3,11.0,0,0,2.292,19.6,8.7,37.8,21.3
2023-10-13,10,27.7,80.5,2.9,0,0,2.227,9.4,3.4,32.0,21.8
2023-10-14,10,27.8,86.2,9.8,0,0,2.401,28.7,7.6,56.6,16.4
2023-10-15,10,24.3,75.6,1.9,0,0,1.841,7.1,3.2,17.3,25.2
2023-10-16,10,27.6,80.3,19.7,0,0,2.214,27.2,0.0,49.7,23.4
2023-10-17,10,30.3,79.2,1.3,0,0,2.401,33.0,16.8,23.7,1.3
2023-10-18,10,29.8,87.5,1.5,0,0,2.604,34.8,10.9,48.9,19.5
2023-10-19,10,28.3,72.7,1.0,0,0,2.057,13.1,3.4,15.5,28.0
2023-10-20,10,27.4,74.7,16.5,0,0,2.043,22.7,0.0,29.8,30.9
2023-10-21,10,28.9,72.5,6.0,0,0,2.093,19.8,10.9,31.4,21.6
2023-10-22,10,27.2,81.9,2.7,0,0,2.228,17.1,0.0,24.5,16.4
2023-10-23,10,26.2,79.6,10.0,0,0,2.087,3.4,0.0,36.1,17.6
2023-10-24,10,30.3,74.9,22.0,0,0,2.269,26.3,12.9,37.2,0.0
2023-10-25,10,26.9,78.9,5.1,0,0,2.117,13.8,4.0,32.9,18.2
2023-10-26,10,28.2,77.6,4.1,0,0,2.189,21.6,2.4,16.7,13.5
2023-10-27,10,27.5,80.8,2.8,0,0,2.22,31.4,5.4,36.1,23.2
2023-10-28,10,30.8,74.1,14.7,0,0,2.28,27.1,13.3,35.4,0.6
2023-10-29,10,28.4,84.6,0.4,1,0,2.404,30.8,1.9,33.5,26.5
2023-10-30,10,28.2,74.9,5.5,0,0,2.108,16.3,1.8,15.2,14.0
2023-10-31,10,27.7,75.0,17.7,0,0,2.079,18.7,3.9,32.6,19.5
2023-11-01,11,28.5,81.6,0.7,0,0,2.328,30.0,6.2,35.4,18.0
2023-11-02,11,25.3,79.3,9.8,0,0,2.006,14.8,1.7,35.9,16.8
2023-11-03,11,28.8,80.1,9.4,0,0,2.31,29.9,3.8,36.2,26.5
2023-11-04,11,29.3,76.2,0.1,1,0,2.233,13.0,5.6,17.8,18.6
2023-11-05,11,28.4,83.6,4.1,0,0,2.373,22.5,6.8,35.0,19.4
2023-11-06,11,27.6,89.2,23.0,0,0,2.459,26.8,2.2,74.2,23.6
2023-11-07,11,29.2,77.8,1.2,0,0,2.272,24.5,8.5,21.5,19.2
2023-11-08,11,28.4,81.8,5.8,0,0,2.32,21.0,0.0,43.2,21.0
2023-11-09,11,28.8,70.9,29.8,0,0,2.038,15.4,7.7,55.0,16.1
2023-11-10,11,27.2,78.9,9.1,0,0,2.144,20.0,7.1,41.7,21.5
2023-11-11,11,26.5,83.3,2.0,0,0,2.209,26.3,0.8,22.5,18.6
2023-11-12,11,29.0,76.8,24.7,0,0,2.226,20.0,2.7,48.8,20.1
2023-11-13,11,27.5,84.1,9.2,0,0,2.312,25.2,2.2,41.1,14.7
2023-11-14,11,28.0,87.9,23.9,0,0,2.463,22.0,0.0,79.6,19.6
2023-11-15,11,29.7,73.6,16.6,0,0,2.187,26.8,9.1,32.8,20.1
2023-11-16,11,28.8,77.9,1.7,0,0,2.245,21.8,1.9,32.2,17.6
2023-11-17,11,27.1,77.7,3.2,0,0,2.109,16.1,0.5,21.5,20.7
2023-11-18,11,24.5,87.4,52.6,0,0,2.138,20.2,0.0,100.0,17.3
2023-11-19,11,30.2,75.1,31.0,0,0,2.267,23.7,11.0,51.1,5.1
2023-11-20,11,25.2,71.4,7.3,0,0,1.797,1.4,0.0,15.7,17.1
2023-11-21,11,25.0,72.9,3.6,0,0,1.821,7.9,0.7,10.0,13.9
2023-11-22,11,26.3,77.8,4.5,0,0,2.045,18.4,2.5,18.3,20.1
2023-11-23,11,27.5,77.0,12.6,0,0,2.119,11.4,1.1,41.2,14.1
2023-11-24,11,27.0,75.4,40.8,0,0,2.037,9.0,2.5,68.2,22.0
2023-11-25,11,26.7,78.4,3.4,0,0,2.094,15.3,8.6,24.1,15.2
2023-11-26,11,28.3,71.2,32.0,0,0,2.014,12.3,3.3,58.1,22.3
2023-11-27,11,28.8,72.5,38.4,0,0,2.087,20.3,4.6,59.7,21.8
2023-11-28,11,27.5,79.1,29.4,0,0,2.174,19.3,6.6,63.4,14.1
2023-11-29,11,26.3,73.8,3.2,0,0,1.945,11.4,2.5,21.3,21.2
2023-11-30,11,27.3,67.6,21.2,0,0,1.847,10.3,2.1,51.0,26.4
2023-12-01,12,31.4,55.2,0.1,1,1,1.734,22.1,21.4,17.5,10.3
2023-12-02,12,28.0,66.0,3.8,0,1,1.85,4.5,4.0,16.4,26.3
2023-12-03,12,29.4,64.1,1.0,0,1,1.885,10.1,4.5,20.6,28.3
2023-12-04,12,30.6,67.5,1.7,0,1,2.064,24.3,10.7,23.7,3.7
2023-12-05,12,29.3,56.7,3.8,0,1,1.66,8.4,17.9,10.2,29.5
2023-12-06,12,29.1,58.7,5.8,0,1,1.705,13.6,20.2,28.9,28.2
2023-12-07,12,30.0,64.2,0.3,1,1,1.924,14.0,12.1,5.9,28.0
2023-12-08,12,33.7,60.4,0.8,0,1,2.037,32.9,26.5,0.0,8.3
2023-12-09,12,30.5,57.6,0.9,0,1,1.753,19.6,17.4,9.5,6.1
2023-12-10,12,30.6,59.1,2.1,0,1,1.809,23.6,7.6,12.8,4.1
2023-12-11,12,30.3,62.8,6.3,0,1,1.901,15.6,16.9,23.5,0.0
2023-12-12,12,33.4,52.8,0.1,1,1,1.765,31.0,35.3,0.0,13.6
2023-12-13,12,27.2,59.7,1.6,0,1,1.623,5.0,6.2,20.4,24.8
2023-12-14,12,31.4,60.2,3.4,0,1,1.892,21.4,19.7,11.5,7.6
2023-12-15,12,30.4,52.0,0.5,0,1,1.583,20.7,19.5,16.5,13.9
2023-12-16,12,27.7,52.9,2.5,0,1,1.467,9.5,12.7,12.9,26.5
2023-12-17,12,29.1,54.0,1.6,0,1,1.572,11.2,20.4,13.0,25.4
2023-12-18,12,29.2,46.9,1.4,0,1,1.37,14.1,24.9,5.6,38.5
2023-12-19,12,31.5,66.3,0.0,1,1,2.086,27.7,12.0,18.6,0.0
2023-12-20,12,27.0,54.4,0.1,2,1,1.47,3.8,9.0,6.0,20.9
2023-12-21,12,32.5,64.5,7.8,0,1,2.095,26.1,26.3,11.5,3.9
2023-12-22,12,32.0,56.3,0.0,1,1,1.801,24.3,24.9,13.1,8.5
2023-12-23,12,30.1,54.8,0.2,2,1,1.646,13.8,18.5,13.5,10.6
2023-12-24,12,26.2,64.5,2.5,0,1,1.688,9.0,0.0,14.8,31.0
2023-12-25,12,29.5,66.2,5.7,0,1,1.953,18.4,10.3,26.1,19.5
2023-12-26,12,28.2,56.8,0.1,1,1,1.604,10.4,13.5,21.5,24.0
2023-12-27,12,28.7,52.8,3.1,0,1,1.515,14.1,17.2,8.3,30.3
2023-12-28,12,30.9,58.7,0.5,0,1,1.816,30.0,16.3,9.9,3.2
2023-12-29,12,32.9,65.2,1.4,0,1,2.145,27.9,20.3,4.5,1.4
2023-12-30,12,29.5,63.0,0.6,0,1,1.862,14.9,11.5,19.0,30.8
2023-12-31,12,31.1,64.0,1.7,0,1,1.988,18.4,19.5,15.9,0.0
2024-01-01,1,29.4,59.6,0.7,0,2,1.752,21.4,20.7,21.9,37.8
2024-01-02,1,30.1,55.3,5.2,0,2,1.668,18.1,21.6,18.5,11.0
2024-01-03,1,30.7,62.3,0.9,0,2,1.916,22.0,22.9,0.7,4.5
2024-01-04,1,31.9,51.6,20.9,0,2,1.648,21.3,40.8,33.6,22.0
2024-01-05,1,29.9,60.2,1.8,0,2,1.798,19.6,17.1,11.8,38.2
2024-01-06,1,28.9,49.4,0.8,0,2,1.427,7.6,32.2,15.9,41.7
2024-01-07,1,28.7,50.6,1.2,0,2,1.453,17.2,32.8,18.6,44.0
2024-01-08,1,29.2,55.2,2.0,0,2,1.614,14.0,30.5,22.0,33.5
2024-01-09,1,28.8,56.7,0.1,1,2,1.632,13.1,30.3,9.6,40.1
2024-01-10,1,31.1,60.0,1.6,0,2,1.866,17.2,28.3,17.6,9.7
2024-01-11,1,31.0,67.1,0.6,0,2,2.081,23.0,17.9,12.0,1.6
2024-01-12,1,30.5,57.6,14.9,0,2,1.754,14.3,20.0,31.7,4.5
2024-01-13,1,28.2,58.0,0.7,0,2,1.636,12.7,16.5,12.3,36.3
2024-01-14,1,31.0,56.4,0.1,1,2,1.747,25.7,34.2,18.0,15.1
2024-01-15,1,26.4,66.8,4.8,0,2,1.765,10.5,1.5,15.2,29.6
2024-01-16,1,30.7,58.4,7.7,0,2,1.792,13.5,24.8,34.5,7.2
2024-01-17,1,29.6,55.6,0.4,1,2,1.644,13.1,22.9,19.2,37.3
2024-01-18,1,31.4,64.1,2.6,0,2,2.014,23.0,38.6,20.3,6.2
2024-01-19,1,28.4,59.5,0.8,0,2,1.692,18.8,19.3,18.9,31.8
2024-01-20,1,30.9,53.8,2.8,0,2,1.661,21.5,34.8,19.5,15.6
2024-01-21,1,31.0,55.1,0.7,0,2,1.705,14.8,23.9,18.7,9.5
2024-01-22,1,31.6,65.5,2.4,0,2,2.069,25.8,23.0,5.8,4.2
2024-01-23,1,29.2,57.8,3.7,0,2,1.685,8.4,20.6,10.0,41.9
2024-01-24,1,30.5,61.9,1.2,0,2,1.89,16.3,26.6,23.9,8.7
2024-01-25,1,28.4,61.7,1.8,0,2,1.751,12.3,16.8,11.3,34.8
2024-01-26,1,31.1,62.0,1.7,0,2,1.929,18.2,30.0,21.0,12.8
2024-01-27,1,33.2,60.7,4.0,0,2,2.017,34.3,42.1,0.0,3.7
2024-01-28,1,30.9,59.1,0.7,0,2,1.826,24.9,30.6,21.6,1.4
2024-01-29,1,30.5,63.5,1.4,0,2,1.933,16.5,17.5,15.1,12.0
2024-01-30,1,33.6,55.9,6.7,0,2,1.881,32.5,47.6,10.0,13.0
2024-01-31,1,33.0,65.5,1.1,0,2,2.164,31.7,37.4,1.6,8.3
2024-02-01,2,30.3,61.0,1.3,0,2,1.851,10.6,22.3,11.7,2.8
2024-02-02,2,32.6,62.5,1.3,0,2,2.037,24.3,34.9,5.0,3.0
2024-02-03,2,30.0,64.3,4.9,0,2,1.93,17.2,15.7,14.3,30.7
2024-02-04,2,30.2,69.6,0.5,0,2,2.106,23.2,26.2,12.2,7.6
2024-02-05,2,30.0,68.9,1.5,0,2,2.068,21.9,16.6,11.9,1.2
2024-02-06,2,31.6,59.9,8.0,0,2,1.895,28.7,29.5,23.3,12.4
2024-02-07,2,32.2,56.7,1.2,0,2,1.825,26.7,43.4,5.7,6.2
2024-02-08,2,29.5,55.3,0.3,1,2,1.634,22.3,17.9,6.9,37.0
2024-02-09,2,30.5,63.1,0.8,0,2,1.926,24.0,14.5,20.9,4.5
2024-02-10,2,31.3,53.4,16.4,0,2,1.672,23.1,40.2,26.8,14.1
2024-02-11,2,28.0,62.5,4.2,0,2,1.754,15.8,6.1,19.6,39.7
2024-02-12,2,27.0,63.1,1.3,0,2,1.705,6.1,0.0,19.7,29.0
2024-02-13,2,29.7,59.8,0.9,0,2,1.775,13.9,17.4,15.5,40.6
2024-02-14,2,34.1,52.5,0.7,0,2,1.79,27.6,56.2,0.0,12.0
2024-02-15,2,28.9,59.6,1.2,0,2,1.725,15.7,16.1,8.4,39.6
2024-02-16,2,29.9,65.8,1.4,0,2,1.968,11.4,16.1,21.5,32.2
2024-02-17,2,29.6,55.6,1.0,0,2,1.649,12.1,21.1,17.9,32.6
2024-02-18,2,32.3,63.1,2.5,0,2,2.038,27.8,30.8,0.0,5.2
2024-02-19,2,28.2,62.4,2.6,0,2,1.763,17.3,11.0,19.6,33.2
2024-02-20,2,29.1,62.4,0.9,0,2,1.817,15.6,10.3,10.6,37.0
2024-02-21,2,31.6,55.1,1.4,0,2,1.74,21.0,35.5,22.1,15.8
2024-02-22,2,31.4,69.5,0.4,1,2,2.186,22.2,21.9,13.7,0.0
2024-02-23,2,29.6,57.3,1.8,0,2,1.697,17.6,19.9,17.9,41.6
2024-02-24,2,28.6,57.5,0.4,1,2,1.646,8.3,13.4,15.4,34.7
2024-02-25,2,29.1,53.9,0.3,2,2,1.566,16.0,24.1,15.1,35.4
2024-02-26,2,28.9,58.0,0.6,0,2,1.674,13.9,23.1,19.1,34.2
2024-02-27,2,31.2,63.2,6.0,0,2,1.973,25.2,24.8,15.2,7.5
2024-02-28,2,30.4,58.9,1.2,0,2,1.789,16.0,27.4,14.8,10.0
2024-02-29,2,30.6,54.2,1.0,0,2,1.662,10.9,33.2,8.9,13.8
2024-03-01,3,30.7,63.0,7.3,0,3,1.932,29.5,22.7,32.3,8.1
2024-03-02,3,30.6,55.0,0.5,0,3,1.683,28.8,23.7,11.8,8.3
2024-03-03,3,30.3,61.2,0.0,1,3,1.855,22.4,22.3,27.4,7.1
2024-03-04,3,27.6,56.1,0.3,2,3,1.55,19.1,3.8,14.4,29.1
2024-03-05,3,31.6,58.3,1.9,0,3,1.839,36.9,27.4,14.6,8.7
2024-03-06,3,29.1,55.8,0.3,1,3,1.626,23.3,17.0,22.5,24.3
2024-03-07,3,29.0,60.8,0.6,0,3,1.763,24.2,10.2,10.0,25.8
2024-03-08,3,30.3,64.7,7.0,0,3,1.96,29.7,14.7,22.5,0.3
2024-03-09,3,30.5,58.3,8.4,0,3,1.78,34.3,21.3,27.0,6.6
2024-03-10,3,27.7,58.9,1.9,0,3,1.634,15.3,9.1,19.6,23.9
2024-03-11,3,28.8,67.3,4.3,0,3,1.935,20.9,6.7,14.5,21.8
2024-03-12,3,30.9,72.7,0.1,1,3,2.242,42.6,8.7,12.6,4.9
2024-03-13,3,30.7,38.1,0.5,0,3,1.169,37.7,25.8,22.6,0.0
2024-03-14,3,31.7,60.0,1.6,0,3,1.9,36.9,26.9,16.8,8.4
2024-03-15,3,29.3,50.7,0.4,1,3,1.483,29.4,23.6,5.1,25.5
2024-03-16,3,28.5,52.0,0.7,0,3,1.482,19.8,9.3,18.9,33.2
2024-03-17,3,29.0,59.1,1.6,0,3,1.716,19.7,12.2,15.8,28.0
2024-03-18,3,30.4,58.7,1.0,0,3,1.786,32.6,17.8,16.6,6.0
2024-03-19,3,28.8,62.6,2.8,0,3,1.806,21.7,9.1,13.5,23.1
2024-03-20,3,29.1,51.8,2.6,0,3,1.506,22.4,21.0,12.3,38.5
2024-03-21,3,29.3,55.6,8.8,0,3,1.631,15.7,22.0,32.4,31.0
2024-03-22,3,28.4,69.1,2.0,0,3,1.96,21.6,11.3,18.3,29.4
2024-03-23,3,30.4,58.0,0.2,1,3,1.766,21.2,17.6,20.7,9.6
2024-03-24,3,30.0,55.0,0.7,0,3,1.653,30.5,20.9,15.8,5.8
2024-03-25,3,31.6,44.3,0.6,0,3,1.399,44.7,26.7,13.8,15.4
2024-03-26,3,29.2,65.2,0.2,1,3,1.901,22.7,11.9,15.1,35.6
2024-03-27,3,30.3,61.0,1.6,0,3,1.846,25.5,20.5,8.3,0.0
2024-03-28,3,30.1,66.9,1.5,0,3,2.01,27.4,4.8,17.3,4.5
2024-03-29,3,26.8,65.7,0.2,1,3,1.76,14.7,2.3,18.3,24.7
2024-03-30,3,31.6,50.9,1.8,0,3,1.607,31.5,27.6,16.9,12.8
2024-03-31,3,32.0,65.7,3.3,0,3,2.104,38.7,16.7,0.0,3.8
2024-04-01,4,23.9,72.1,1.7,0,3,1.72,6.1,7.7,0.0,20.5
2024-04-02,4,29.1,68.3,1.9,0,3,1.988,26.2,13.3,17.9,20.8
2024-04-03,4,32.0,72.7,3.9,0,3,2.326,46.4,20.7,21.6,0.0
2024-04-04,4,29.5,52.3,1.2,0,3,1.543,21.5,18.7,23.8,32.8
2024-04-05,4,28.4,56.4,7.1,0,3,1.598,22.1,11.6,21.3,32.7
2024-04-06,4,28.2,62.0,0.8,0,3,1.748,15.9,7.8,11.1,26.5
2024-04-07,4,29.2,53.0,5.1,0,3,1.546,26.3,15.8,19.2,26.3
2024-04-08,4,29.7,57.2,2.8,0,3,1.7,32.4,18.3,17.9,31.2
2024-04-09,4,31.4,57.9,2.9,0,3,1.818,32.5,24.3,16.7,5.7
2024-04-10,4,27.6,60.7,0.2,1,3,1.677,6.1,7.4,19.8,35.7
2024-04-11,4,29.3,57.3,2.2,0,3,1.679,23.4,15.4,10.9,26.9
2024-04-12,4,26.4,64.6,2.1,0,3,1.709,7.4,0.0,12.1,22.1
2024-04-13,4,30.0,62.4,7.1,0,3,1.871,29.1,17.6,30.8,26.8
2024-04-14,4,29.9,65.0,1.3,0,3,1.947,28.6,5.9,10.8,21.9
2024-04-15,4,31.4,59.9,2.8,0,3,1.881,38.9,26.0,21.0,1.9
2024-04-16,4,30.9,57.0,5.8,0,3,1.758,29.7,26.4,24.3,15.9
2024-04-17,4,30.3,72.2,0.1,1,3,2.19,36.7,8.2,20.6,0.0
2024-04-18,4,28.8,66.4,1.1,0,3,1.915,26.4,5.9,14.7,21.9
2024-04-19,4,31.4,67.8,0.2,1,3,2.128,44.9,21.2,13.8,4.7
2024-04-20,4,33.1,70.0,8.4,0,3,2.315,50.7,31.0,12.2,1.8
2024-04-21,4,30.1,58.4,0.7,0,3,1.756,27.3,23.9,13.8,7.2
2024-04-22,4,28.4,63.6,6.7,0,3,1.808,24.6,7.6,25.9,23.2
2024-04-23,4,31.0,61.6,3.7,0,3,1.906,31.8,20.0,13.5,4.1
2024-04-24,4,33.1,73.6,2.8,0,3,2.433,47.6,20.5,0.0,3.6
2024-04-25,4,31.1,60.9,0.5,0,3,1.891,29.1,18.2,14.9,0.0
2024-04-26,4,27.9,54.4,0.2,1,3,1.518,16.3,13.5,5.8,23.4
2024-04-27,4,31.2,46.1,0.6,0,3,1.438,25.2,33.4,10.6,18.5
2024-04-28,4,35.8,48.6,6.8,0,3,1.74,49.3,48.3,7.1,13.3
2024-04-29,4,28.4,63.9,1.8,0,3,1.812,22.6,4.6,8.0,30.0
2024-04-30,4,29.9,69.5,1.7,0,3,2.078,27.9,11.2,15.6,26.4
2024-05-01,5,28.7,78.9,11.8,0,3,2.26,35.7,11.8,38.9,18.4
2024-05-02,5,27.2,75.2,3.5,0,3,2.043,20.6,6.6,14.5,22.8
2024-05-03,5,24.3,80.8,5.5,0,3,1.963,17.1,0.7,33.7,11.5
2024-05-04,5,29.4,79.2,8.1,0,3,2.328,36.2,3.7,36.4,26.5
2024-05-05,5,28.3,71.1,8.1,0,3,2.012,24.4,8.7,27.8,8.1
2024-05-06,5,28.8,73.0,6.4,0,3,2.103,28.9,8.9,14.5,22.8
2024-05-07,5,29.1,78.2,27.8,0,3,2.28,33.7,12.7,48.9,24.3
2024-05-08,5,27.8,77.5,18.3,0,3,2.151,28.9,5.5,36.6,22.0
2024-05-09,5,28.1,74.8,2.6,0,3,2.104,19.4,5.9,23.1,25.8
2024-05-10,5,28.6,76.5,16.8,0,3,2.186,31.4,8.5,34.9,23.0
2024-05-11,5,31.2,77.7,5.5,0,3,2.424,42.4,19.9,28.0,3.5
2024-05-12,5,27.2,82.2,3.0,0,3,2.235,29.2,0.0,26.9,28.0
2024-05-13,5,27.9,81.2,2.9,0,3,2.262,30.3,2.5,36.1,17.9
2024-05-14,5,26.7,78.8,8.8,0,3,2.103,25.8,2.0,43.2,21.4
2024-05-15,5,29.0,81.6,5.9,0,3,2.364,36.9,3.5,31.9,23.2
2024-05-16,5,28.4,78.4,1.3,0,3,2.229,42.3,2.2,33.8,14.2
2024-05-17,5,26.8,67.0,9.5,0,3,1.794,7.3,0.0,19.5,24.9
2024-05-18,5,29.1,87.1,4.9,0,3,2.531,48.7,3.1,43.5,17.9
2024-05-19,5,28.7,83.1,22.3,0,3,2.384,37.7,10.8,61.8,18.7
2024-05-20,5,26.9,75.2,14.2,0,3,2.026,23.6,0.7,31.2,29.8
2024-05-21,5,30.0,74.4,17.6,0,3,2.229,36.4,12.4,32.6,21.8
2024-05-22,5,30.2,71.4,8.9,0,3,2.156,33.0,11.0,35.7,4.0
2024-05-23,5,29.4,76.7,1.6,0,3,2.256,31.4,12.8,21.7,25.1
2024-05-24,5,27.7,77.3,8.7,0,3,2.14,32.4,0.0,34.8,19.9
2024-05-25,5,26.4,67.6,23.8,0,3,1.785,16.3,6.7,45.3,29.3
2024-05-26,5,27.9,82.8,37.9,0,3,2.312,34.7,1.0,69.6,25.1
2024-05-27,5,27.0,74.0,5.0,0,3,2.001,20.7,7.2,25.5,13.4
2024-05-28,5,27.5,72.8,12.9,0,3,2.0,23.5,0.0,30.8,18.1
2024-05-29,5,30.4,80.7,7.2,0,3,2.456,36.7,13.4,48.4,5.3
2024-05-30,5,25.2,76.4,24.1,0,3,1.928,21.8,1.0,43.7,20.1
2024-05-31,5,24.1,72.6,13.1,0,3,1.748,12.5,0.0,28.8,24.0
2024-06-01,6,25.8,79.1,3.6,0,4,2.044,28.2,0.0,32.1,23.4
2024-06-02,6,26.0,76.9,8.0,0,4,2.0,19.0,3.4,40.9,17.0
2024-06-03,6,28.2,85.5,5.7,0,4,2.41,41.9,4.0,62.0,13.5
2024-06-04,6,30.1,74.1,4.7,0,4,2.232,35.3,10.0,25.6,4.0
2024-06-05,6,28.3,81.8,2.2,0,4,2.316,37.5,2.6,46.1,17.2
2024-06-06,6,30.2,76.4,1.5,0,4,2.31,44.2,13.0,22.6,0.0
2024-06-07,6,29.3,74.7,6.9,0,4,2.191,34.5,12.8,29.8,27.2
2024-06-08,6,27.8,76.8,6.9,0,4,2.133,23.4,0.0,33.5,24.5
2024-06-09,6,28.0,75.6,1.2,0,4,2.112,34.4,8.8,17.1,18.0
2024-06-10,6,30.7,79.2,32.8,0,4,2.433,50.0,18.9,81.5,0.9
2024-06-11,6,29.4,72.2,17.7,0,4,2.122,27.2,5.6,44.3,21.9
2024-06-12,6,27.5,74.8,2.4,0,4,2.057,20.3,3.8,25.2,19.7
2024-06-13,6,27.7,79.9,7.7,0,4,2.212,34.1,15.2,46.7,19.5
2024-06-14,6,29.1,86.2,21.4,0,4,2.511,38.5,10.7,100.0,22.5
2024-06-15,6,26.3,79.4,21.6,0,4,2.086,28.9,0.0,67.9,16.6
2024-06-16,6,27.2,85.4,3.2,0,4,2.322,33.7,0.0,44.0,15.0
2024-06-17,6,28.2,82.9,1.7,0,4,2.335,44.4,1.8,44.0,15.7
2024-06-18,6,29.5,88.5,25.9,0,4,2.609,50.4,15.0,96.5,22.3
2024-06-19,6,29.8,78.4,1.7,0,4,2.339,48.5,19.1,30.2,17.9
2024-06-20,6,26.6,82.9,55.3,0,4,2.206,29.0,0.4,100.0,21.1
2024-06-21,6,31.8,77.4,18.4,0,4,2.465,54.9,20.3,63.2,0.7
2024-06-22,6,27.6,69.1,3.5,0,4,1.909,11.3,4.0,12.7,25.6
2024-06-23,6,28.0,76.8,0.8,0,4,2.153,32.6,1.0,20.4,24.8
2024-06-24,6,28.5,76.8,6.5,0,4,2.192,32.8,7.7,31.5,28.3
2024-06-25,6,27.1,85.8,7.7,0,4,2.327,39.3,3.5,72.3,16.6
2024-06-26,6,29.6,87.2,0.2,1,4,2.583,51.0,8.4,57.5,26.8
2024-06-27,6,26.5,73.3,6.9,0,4,1.942,20.3,8.5,28.0,20.5
2024-06-28,6,27.0,78.7,7.3,0,4,2.126,29.7,1.3,42.7,18.4
2024-06-29,6,26.7,81.6,38.1,0,4,2.176,30.7,8.3,100.0,14.0
2024-06-30,6,27.2,80.1,10.7,0,4,2.179,24.1,2.3,52.7,27.7
2024-07-01,7,27.6,83.8,1.0,0,4,2.316,32.3,5.4,53.6,16.2
2024-07-02,7,28.0,71.1,7.2,0,4,1.993,26.6,2.4,29.5,15.5
2024-07-03,7,27.0,86.8,2.5,0,4,2.346,32.8,0.0,49.8,15.9
2024-07-04,7,30.0,77.3,19.5,0,4,2.322,40.8,12.0,60.6,0.0
2024-07-05,7,28.3,77.8,17.3,0,4,2.201,36.5,0.7,61.7,19.0
2024-07-06,7,26.6,79.0,0.3,1,4,2.104,31.6,1.4,33.5,23.6
2024-07-07,7,29.6,81.9,3.1,0,4,2.428,47.1,11.2,48.2,19.6
2024-07-08,7,28.0,86.6,23.0,0,4,2.429,41.9,2.4,100.0,23.2
2024-07-09,7,28.5,76.4,6.3,0,4,2.175,31.8,3.2,34.5,21.1
2024-07-10,7,27.4,82.5,4.9,0,4,2.264,37.7,0.6,47.7,20.3
2024-07-11,7,26.1,81.4,5.8,0,4,2.127,36.0,5.8,52.8,21.0
2024-07-12,7,28.2,73.0,4.0,0,4,2.061,23.1,4.8,9.0,17.8
2024-07-13,7,27.6,76.9,5.3,0,4,2.125,26.7,9.4,37.3,17.8
2024-07-14,7,27.9,77.9,9.7,0,4,2.172,27.6,7.6,41.8,15.6
2024-07-15,7,27.9,78.6,16.5,0,4,2.195,31.6,7.2,59.2,28.9
2024-07-16,7,29.9,85.2,5.7,0,4,2.547,52.9,12.2,66.6,17.8
2024-07-17,7,28.2,74.8,38.2,0,4,2.105,25.7,1.9,81.2,19.4
2024-07-18,7,25.1,70.7,3.9,0,4,1.776,3.9,1.7,20.6,24.3
2024-07-19,7,29.1,83.4,0.2,1,4,2.428,44.5,12.9,51.3,21.5
2024-07-20,7,29.9,66.3,5.2,0,4,1.982,26.1,16.2,35.5,16.4
2024-07-21,7,30.1,72.1,8.3,0,4,2.173,34.5,11.2,24.7,2.6
2024-07-22,7,29.0,83.3,5.0,0,4,2.416,42.9,8.0,54.8,8.7
2024-07-23,7,26.6,78.0,8.3,0,4,2.073,22.8,0.0,39.0,20.3
2024-07-24,7,28.9,76.8,0.3,1,4,2.223,34.2,7.7,16.7,21.8
2024-07-25,7,27.3,84.3,10.8,0,4,2.304,40.0,0.0,64.7,15.0
2024-07-26,7,26.9,84.3,14.1,0,4,2.27,28.7,0.0,71.2,22.3
2024-07-27,7,25.4,70.0,3.4,0,4,1.775,0.1,0.0,20.3,21.7
2024-07-28,7,27.8,76.2,2.2,0,4,2.117,29.2,0.6,23.5,21.5
2024-07-29,7,30.6,81.9,8.1,0,4,2.505,47.2,12.2,53.5,0.0
2024-07-30,7,26.5,84.3,18.5,0,4,2.234,29.8,2.6,79.8,22.9
2024-07-31,7,26.0,77.3,6.1,0,4,2.008,22.4,0.0,23.9,15.7
2024-08-01,8,27.9,78.3,23.6,0,4,2.186,33.6,4.0,66.9,24.4
2024-08-02,8,27.1,77.3,23.6,0,4,2.096,31.5,2.0,60.2,19.5
2024-08-03,8,28.8,76.7,5.0,0,4,2.208,31.2,8.4,23.4,18.2
2024-08-04,8,26.0,78.4,60.2,0,4,2.038,20.0,0.8,100.0,22.8
2024-08-05,8,28.8,76.8,2.9,0,4,2.214,30.1,4.9,25.4,16.9
2024-08-06,8,28.1,73.2,6.9,0,4,2.059,29.6,2.7,26.1,15.6
2024-08-07,8,28.6,84.9,25.3,0,4,2.43,42.1,10.8,82.0,27.9
2024-08-08,8,31.7,64.5,14.1,0,4,2.041,32.1,18.0,39.4,6.6
2024-08-09,8,27.8,73.4,42.2,0,4,2.044,27.1,0.0,77.1,28.0
2024-08-10,8,27.0,77.3,11.3,0,4,2.09,27.7,7.2,47.5,13.9
2024-08-11,8,25.9,76.0,2.7,0,4,1.97,11.2,3.3,17.3,26.0
2024-08-12,8,30.7,76.8,4.8,0,4,2.359,39.3,17.4,22.7,0.0
2024-08-13,8,27.6,75.7,6.3,0,4,2.086,30.1,0.0,40.2,14.7
2024-08-14,8,30.4,72.9,14.8,0,4,2.218,36.0,12.3,46.6,6.0
2024-08-15,8,29.8,76.0,4.8,0,4,2.263,35.2,7.2,16.9,18.2
2024-08-16,8,28.4,68.4,11.5,0,4,1.942,27.9,10.0,34.5,15.3
2024-08-17,8,28.7,66.4,14.2,0,4,1.905,20.2,14.1,33.0,25.8
2024-08-18,8,27.8,76.3,10.0,0,4,2.126,31.0,6.1,48.4,24.0
2024-08-19,8,27.1,73.0,12.9,0,4,1.978,26.5,0.0,47.0,22.1
2024-08-20,8,28.5,76.5,12.3,0,4,2.179,32.0,4.5,46.9,19.4
2024-08-21,8,26.8,81.0,2.0,0,4,2.171,30.6,0.0,33.0,26.9
2024-08-22,8,30.3,82.4,11.0,0,4,2.499,47.6,18.8,59.0,0.0
2024-08-23,8,30.8,77.8,4.8,0,4,2.396,40.2,17.3,38.8,0.1
2024-08-24,8,27.6,72.2,16.0,0,4,1.992,19.2,2.0,38.3,26.2
2024-08-25,8,29.7,77.8,12.7,0,4,2.314,46.4,9.5,43.0,13.0
2024-08-26,8,27.0,70.7,9.4,0,4,1.912,20.5,0.0,35.9,17.1
2024-08-27,8,28.1,87.6,25.1,0,4,2.461,44.9,0.0,100.0,18.1
2024-08-28,8,29.6,77.4,2.3,0,4,2.289,41.6,8.5,32.7,17.0
2024-08-29,8,29.2,76.0,32.1,0,4,2.218,33.3,8.9,67.6,21.0
2024-08-30,8,28.1,75.3,1.4,0,4,2.113,29.0,1.8,19.8,16.0
2024-08-31,8,31.5,83.3,15.6,0,4,2.625,60.9,10.2,58.0,0.0
2024-09-01,9,25.9,76.8,12.2,0,4,1.992,22.8,0.0,46.4,20.1
2024-09-02,9,28.5,75.4,5.0,0,4,2.151,38.1,2.9,24.5,19.8
2024-09-03,9,27.5,81.2,4.1,0,4,2.233,21.9,0.0,45.9,24.9
2024-09-04,9,30.8,77.9,31.8,0,4,2.402,44.4,15.4,73.5,6.6
2024-09-05,9,31.4,80.4,5.8,0,4,2.521,46.7,23.6,46.5,0.0
2024-09-06,9,28.7,75.1,8.9,0,4,2.156,34.2,1.1,39.1,19.6
2024-09-07,9,29.7,77.0,7.4,0,4,2.29,34.4,14.0,33.1,18.1
2024-09-08,9,28.0,78.6,16.0,0,4,2.201,31.2,7.2,54.3,19.1
2024-09-09,9,28.2,77.4,3.9,0,4,2.185,31.7,9.0,21.9,18.5
2024-09-10,9,25.9,82.7,28.8,0,4,2.144,22.7,0.4,83.5,15.9
2024-09-11,9,25.8,72.7,2.6,0,4,1.875,10.5,1.9,15.3,23.0
2024-09-12,9,26.5,78.2,1.9,0,4,2.069,32.8,2.5,26.9,22.7
2024-09-13,9,31.2,69.9,7.1,0,4,2.18,37.5,15.2,28.9,0.0
2024-09-14,9,30.1,70.9,0.3,1,4,2.134,38.1,12.3,14.6,0.0
2024-09-15,9,27.7,74.2,23.7,0,4,2.052,19.4,5.9,57.0,20.8
2024-09-16,9,30.2,75.8,10.5,0,4,2.287,37.9,11.9,38.1,0.0
2024-09-17,9,25.0,75.2,9.3,0,4,1.877,12.8,4.8,44.4,23.0
2024-09-18,9,30.1,81.8,19.2,0,4,2.461,54.2,16.1,75.2,0.0
2024-09-19,9,27.9,76.3,10.9,0,4,2.132,26.1,3.0,29.0,26.9
2024-09-20,9,27.7,80.3,17.0,0,4,2.221,33.5,8.5,57.0,29.6
2024-09-21,9,29.6,79.0,27.7,0,4,2.342,36.5,9.4,83.1,12.5
2024-09-22,9,28.8,80.7,17.8,0,4,2.326,32.6,13.8,62.9,18.2
2024-09-23,9,26.2,72.6,6.7,0,4,1.899,10.8,3.0,26.6,15.1
2024-09-24,9,27.2,79.7,0.2,1,4,2.168,29.4,3.6,40.1,18.8
2024-09-25,9,26.4,78.4,2.3,0,4,2.072,17.7,0.0,26.9,19.2
2024-09-26,9,26.9,81.5,21.1,0,4,2.19,23.3,0.0,72.8,14.2
2024-09-27,9,27.1,76.0,5.3,0,4,2.059,24.8,0.0,38.4,22.0
2024-09-28,9,26.8,78.5,20.4,0,4,2.102,30.4,0.0,66.4,20.2
2024-09-29,9,30.2,84.5,4.8,0,4,2.554,49.8,15.0,49.3,6.7
2024-09-30,9,28.1,76.0,37.4,0,4,2.136,24.7,6.7,76.9,24.4
2024-10-01,10,26.1,78.6,4.7,0,0,2.049,6.0,8.1,22.0,20.6
2024-10-02,10,28.9,81.6,0.1,1,0,2.356,30.8,9.5,40.4,22.1
2024-10-03,10,30.9,82.5,3.7,0,0,2.553,45.3,13.5,41.2,0.1
2024-10-04,10,29.6,74.6,12.1,0,0,2.206,22.7,16.7,31.7,23.7
2024-10-05,10,24.8,77.6,6.5,0,0,1.92,11.0,3.8,27.4,20.2
2024-10-06,10,29.8,66.6,7.7,0,0,1.983,16.7,7.4,25.9,26.9
2024-10-07,10,29.6,77.3,3.5,0,0,2.286,29.3,9.9,17.3,17.5
2024-10-08,10,29.3,77.8,29.2,0,0,2.276,18.4,12.4,54.3,21.3
2024-10-09,10,29.9,71.5,34.3,0,0,2.134,21.5,13.0,62.4,14.7
2024-10-10,10,28.9,83.2,4.1,0,0,2.399,27.5,9.1,37.1,22.3
2024-10-11,10,28.8,73.1,1.1,0,0,2.108,24.6,8.1,7.5,19.5
2024-10-12,10,28.3,72.3,30.4,0,0,2.045,11.7,7.6,52.3,13.4
2024-10-13,10,28.5,77.7,15.6,0,0,2.217,21.0,2.9,36.7,17.8
2024-10-14,10,28.0,78.7,11.6,0,0,2.207,19.9,2.7,50.8,16.9
2024-10-15,10,27.2,94.5,19.6,0,0,2.566,25.6,4.0,82.6,23.6
2024-10-16,10,27.7,75.8,10.4,0,0,2.098,20.3,6.6,31.7,18.2
2024-10-17,10,28.9,84.0,32.7,0,0,2.43,36.2,11.1,77.9,21.0
2024-10-18,10,28.2,71.7,3.8,0,0,2.024,17.5,3.2,16.7,20.1
2024-10-19,10,29.2,81.3,0.4,1,0,2.371,34.8,8.1,30.4,18.6
2024-10-20,10,27.3,85.7,23.6,0,0,2.337,26.3,0.6,73.2,20.3
2024-10-21,10,27.7,79.7,3.5,0,0,2.209,22.3,3.7,29.7,17.5
2024-10-22,10,29.1,73.5,14.9,0,0,2.135,18.9,4.0,38.0,16.1
2024-10-23,10,27.0,84.3,9.6,0,0,2.271,21.5,0.0,53.9,23.4
2024-10-24,10,29.1,80.7,9.3,0,0,2.349,24.8,5.2,46.8,23.1
2024-10-25,10,27.0,78.2,0.3,1,0,2.108,12.9,0.7,20.9,16.2
2024-10-26,10,25.8,70.2,27.0,0,0,1.809,6.5,0.0,50.7,19.7
2024-10-27,10,28.9,77.1,10.5,0,0,2.225,23.7,2.4,35.5,16.3
2024-10-28,10,29.4,76.3,9.3,0,0,2.242,19.9,6.8,31.3,24.7
2024-10-29,10,30.5,78.2,11.4,0,0,2.385,28.7,18.4,32.0,1.7
2024-10-30,10,24.5,72.4,6.3,0,0,1.773,0.7,1.7,27.1,18.0
2024-10-31,10,26.5,75.6,12.3,0,0,2.008,13.5,0.4,29.8,26.7
2024-11-01,11,26.9,85.0,29.3,0,0,2.287,23.0,4.7,80.7,18.3
2024-11-02,11,28.8,80.1,16.3,0,0,2.31,28.0,14.8,49.7,22.3
2024-11-03,11,29.0,70.7,19.7,0,0,2.051,14.5,5.7,49.4,19.0
2024-11-04,11,26.9,83.8,3.5,0,0,2.252,19.8,5.0,37.1,13.8
2024-11-05,11,28.8,76.0,23.6,0,0,2.191,19.7,11.5,54.7,16.6
2024-11-06,11,27.7,79.9,3.8,0,0,2.215,22.5,1.9,26.1,20.2
2024-11-07,11,28.1,78.8,16.7,0,0,2.215,19.7,4.0,44.4,18.2
2024-11-08,11,28.5,68.9,0.8,0,0,1.963,14.2,2.5,23.1,20.7
2024-11-09,11,28.3,75.6,13.8,0,0,2.136,15.0,4.4,28.3,18.9
2024-11-10,11,24.2,72.4,12.0,0,0,1.748,9.2,5.3,36.3,22.7
2024-11-11,11,27.3,72.8,3.3,0,0,1.989,14.6,11.3,13.2,27.9
2024-11-12,11,27.8,84.7,2.1,0,0,2.351,21.3,1.1,34.0,15.1
2024-11-13,11,29.0,77.0,7.9,0,0,2.234,25.8,0.6,36.0,18.6
2024-11-14,11,28.8,81.1,22.8,0,0,2.336,25.8,0.0,57.9,20.8
2024-11-15,11,26.4,78.7,6.6,0,0,2.082,10.7,2.7,29.4,18.4
2024-11-16,11,27.3,84.2,0.3,1,0,2.299,23.7,0.0,40.3,25.4
2024-11-17,11,29.0,81.4,1.4,0,0,2.359,21.5,4.4,30.1,17.1
2024-11-18,11,26.4,68.6,34.2,0,0,1.812,6.8,0.0,52.1,21.1
2024-11-19,11,27.3,83.5,16.8,0,0,2.282,25.8,2.2,49.3,19.6
2024-11-20,11,26.1,77.5,0.6,0,0,2.025,15.5,0.0,21.2,22.3
2024-11-21,11,29.4,74.2,0.9,0,0,2.178,23.3,15.6,7.6,16.4
2024-11-22,11,32.2,76.6,26.3,0,0,2.468,32.2,9.8,36.9,3.2
2024-11-23,11,26.6,75.6,7.5,0,0,2.015,7.2,0.0,24.5,17.0
2024-11-24,11,27.6,71.7,16.2,0,0,1.975,13.7,4.4,35.4,20.8
2024-11-25,11,25.8,80.5,3.3,0,0,2.078,14.6,4.2,25.1,25.4
2024-11-26,11,30.2,81.8,18.2,0,0,2.467,22.7,17.0,54.3,0.0
2024-11-27,11,29.8,73.7,27.1,0,0,2.193,25.7,6.6,47.0,24.4
2024-11-28,11,28.3,84.2,0.4,1,0,2.385,27.0,0.0,32.6,23.1
2024-11-29,11,25.7,76.4,19.3,0,0,1.961,17.3,0.0,38.4,19.8
2024-11-30,11,28.5,77.2,12.5,0,0,2.203,18.9,6.6,37.8,18.4
2024-12-01,12,31.5,60.7,6.7,0,1,1.914,23.6,22.5,19.9,3.0
2024-12-02,12,32.2,63.2,3.7,0,1,2.035,25.9,12.6,0.0,7.9
2024-12-03,12,29.8,60.6,4.1,0,1,1.804,15.1,15.5,17.3,29.5
2024-12-04,12,29.6,59.2,11.9,0,1,1.753,15.4,9.5,20.0,22.2
2024-12-05,12,32.7,58.6,0.1,1,1,1.919,25.0,20.1,4.7,0.0
2024-12-06,12,29.0,59.7,1.8,0,1,1.732,11.1,4.3,11.0,23.2
2024-12-07,12,28.6,64.9,7.5,0,1,1.855,13.8,7.2,28.8,22.6
2024-12-08,12,31.4,59.1,1.3,0,1,1.858,16.5,11.2,16.9,8.2
2024-12-09,12,30.9,57.4,0.7,0,1,1.77,18.7,22.4,18.0,14.4
2024-12-10,12,29.4,56.7,0.8,0,1,1.67,21.7,17.2,17.3,40.4
2024-12-11,12,30.6,53.5,1.6,0,1,1.636,15.6,20.8,13.0,7.6
2024-12-12,12,27.5,68.0,5.6,0,1,1.868,10.2,5.0,24.1,22.3
2024-12-13,12,31.2,60.7,1.2,0,1,1.895,24.8,20.6,13.9,11.7
2024-12-14,12,29.1,62.0,2.1,0,1,1.805,12.1,7.5,13.2,22.9
2024-12-15,12,27.4,56.7,6.4,0,1,1.553,13.4,9.5,9.7,30.5
2024-12-16,12,29.0,62.3,1.3,0,1,1.805,13.2,9.5,14.9,30.0
2024-12-17,12,30.0,65.4,5.5,0,1,1.961,20.4,4.7,27.2,20.9
2024-12-18,12,31.3,55.1,0.4,1,1,1.725,29.9,20.2,20.7,9.4
2024-12-19,12,29.2,59.8,2.6,0,1,1.748,14.8,8.3,13.0,29.8
2024-12-20,12,30.5,52.6,5.2,0,1,1.602,19.1,20.3,25.0,9.8
2024-12-21,12,27.9,69.2,3.5,0,1,1.932,13.2,2.0,20.9,18.4
2024-12-22,12,27.2,56.6,0.6,0,1,1.541,11.1,5.7,21.9,31.0
2024-12-23,12,29.5,59.2,4.0,0,1,1.747,12.5,14.2,16.5,19.7
2024-12-24,12,29.7,58.5,4.4,0,1,1.735,8.9,13.7,12.6,30.7
2024-12-25,12,29.9,69.0,0.1,1,1,2.064,18.8,12.6,13.2,24.0
2024-12-26,12,27.6,55.9,0.4,2,1,1.542,14.0,0.0,21.9,27.9
2024-12-27,12,26.6,45.0,0.7,0,1,1.197,5.6,13.7,18.2,32.8
2024-12-28,12,28.0,57.9,1.2,0,1,1.622,11.4,5.8,19.5,24.8
2024-12-29,12,28.4,57.3,2.2,0,1,1.629,11.5,8.4,19.6,36.2
2024-12-30,12,30.4,66.2,0.4,1,1,2.01,17.3,13.6,8.6,1.5
2024-12-31,12,28.9,58.0,7.3,0,1,1.674,12.4,14.5,23.2,19.8
